2025-11-28 09:14:11,132 - Knowledge - INFO - Created shared MongoDB connection pool
2025-11-28 09:14:11,133 - Knowledge - INFO - Starting Knowledge Graph processing with 20 threads
2025-11-28 09:14:11,133 - Knowledge - INFO - Initial configuration: chunk_size=65536, max_cache_size=500
2025-11-28 09:14:11,133 - Knowledge - INFO - Knowledge Graph concurrency configuration: workers=20, max_batch_size=25, max_concurrent_llm_calls=50
2025-11-28 09:14:12,177 - Knowledge - INFO - 🔍 _load_persisted_knowledge called - checking for Redis optimization
2025-11-28 09:14:12,177 - Knowledge - WARNING - ❌ load_from_redis method not found - Redis support not attached
2025-11-28 09:14:12,177 - Knowledge - INFO - load persisted knowledge: begin
2025-11-28 09:14:12,177 - Knowledge - INFO - Loaded 0 files from persisted knowledge
2025-11-28 09:14:12,177 - Knowledge - INFO - load persisted knowledge: end
2025-11-28 09:14:12,177 - Knowledge - WARNING - No persisted knowledge found. Files will be queued during start()
2025-11-28 09:14:12,280 - Knowledge - INFO - 🔧 add_redis_support_to_knowledge called - knowledge_instance.id: qO1VZp-b4400wa, build_ids: ['b4400wa']
2025-11-28 09:14:12,280 - Knowledge - INFO - 🔧 Using build_ids[0] for Redis prefix: b4400wa
2025-11-28 09:14:12,280 - Knowledge - INFO - 🔧 Redis prefix set to: knowledge:b4400wa:
2025-11-28 09:14:12,280 - Knowledge - INFO - 🔧 Redis support added - prefix: knowledge:b4400wa:, stored build_ids: ['b4400wa']
2025-11-28 09:14:12,280 - Knowledge - INFO - Redis support added with prefix knowledge:b4400wa:
2025-11-28 09:14:12,493 - Knowledge - INFO - Starting knowledge initialization for ID: qO1VZp-b4400wa
2025-11-28 09:14:12,493 - Knowledge - INFO - 🔍 Checking Redis for build_id: b4400wa
2025-11-28 09:14:12,493 - Knowledge - INFO - 🔍 Full session ID: qO1VZp-b4400wa
2025-11-28 09:14:12,493 - Knowledge - INFO - 🔍 Redis prefix will be: knowledge:b4400wa:
2025-11-28 09:14:12,493 - Knowledge - INFO - 🔍 Using attached load_from_redis() method
2025-11-28 09:14:12,493 - Knowledge - INFO - 🔍 Attempting to load knowledge from Redis...
2025-11-28 09:14:12,493 - Knowledge - INFO - 🔍 Using build_ids for Redis lookup: ['b4400wa']
2025-11-28 09:14:12,493 - Knowledge - INFO - 🔍 GETTING FROM REDIS - Requested IDs: ['b4400wa']
2025-11-28 09:14:12,493 - Knowledge - INFO - 🔍 GETTING FROM REDIS - ID: b4400wa, Prefix: knowledge:b4400wa:
2025-11-28 09:14:12,518 - Knowledge - WARNING - ❌ NO DATA FOUND in Redis for IDs: ['b4400wa'], Prefixes tried: ['knowledge:b4400wa:']
2025-11-28 09:14:12,518 - Knowledge - WARNING - ❌ No Redis cache found
2025-11-28 09:14:12,518 - Knowledge - INFO - 🔍 GETTING FROM REDIS - Requested IDs: ['b4400wa']
2025-11-28 09:14:12,518 - Knowledge - INFO - 🔍 GETTING FROM REDIS - ID: b4400wa, Prefix: knowledge:b4400wa:
2025-11-28 09:14:12,526 - Knowledge - WARNING - ❌ NO DATA FOUND in Redis for IDs: ['b4400wa'], Prefixes tried: ['knowledge:b4400wa:']
2025-11-28 09:14:12,526 - Knowledge - INFO - 📁 Loading knowledge from disk...
2025-11-28 09:14:12,541 - Knowledge - INFO - load persisted docinfo: begin
2025-11-28 09:14:12,542 - Knowledge - INFO - load persisted docinfo: end
2025-11-28 09:14:12,542 - Knowledge - INFO - 🔍 _load_persisted_knowledge called - checking for Redis optimization
2025-11-28 09:14:12,542 - Knowledge - INFO - ✅ load_from_redis method found - attempting Redis load
2025-11-28 09:14:12,542 - Knowledge - INFO - 🔍 Attempting to load knowledge from Redis...
2025-11-28 09:14:12,542 - Knowledge - INFO - 🔍 Using build_ids for Redis lookup: ['b4400wa']
2025-11-28 09:14:12,542 - Knowledge - INFO - 🔍 GETTING FROM REDIS - Requested IDs: ['b4400wa']
2025-11-28 09:14:12,542 - Knowledge - INFO - 🔍 GETTING FROM REDIS - ID: b4400wa, Prefix: knowledge:b4400wa:
2025-11-28 09:14:12,550 - Knowledge - WARNING - ❌ NO DATA FOUND in Redis for IDs: ['b4400wa'], Prefixes tried: ['knowledge:b4400wa:']
2025-11-28 09:14:12,551 - Knowledge - WARNING - ❌ No Redis cache found
2025-11-28 09:14:12,551 - Knowledge - INFO - ❌ Redis load returned False - falling back to file loading
2025-11-28 09:14:12,551 - Knowledge - INFO - load persisted knowledge: begin
2025-11-28 09:14:12,551 - Knowledge - INFO - Loaded 0 files from persisted knowledge
2025-11-28 09:14:12,551 - Knowledge - INFO - load persisted knowledge: end
2025-11-28 09:14:12,551 - Knowledge - INFO - 📁 Disk load complete in 0.02s
2025-11-28 09:14:12,551 - Knowledge - INFO - Populating ingest queue with source files...
2025-11-28 09:14:12,559 - Knowledge - INFO - Added 255 files from /Users/veera/Documents/kavia-backend/graphnode-backend-api/data/rdk7542/786/b4400wa/entservices-deviceanddisplay-786 to ingest queue
2025-11-28 09:14:12,559 - Knowledge - INFO - Worker kw1 created using shared MongoDB connection pool
2025-11-28 09:14:12,559 - Knowledge - INFO - knowledge worker kw1 start
2025-11-28 09:14:12,559 - Knowledge - INFO - Worker kw2 created using shared MongoDB connection pool
2025-11-28 09:14:12,559 - Knowledge - INFO - [kw1] Queue=255, InProgress=0, PendingWorkers=0/1, Completed=0/255 (0.0%)
2025-11-28 09:14:12,560 - Knowledge - INFO - knowledge worker kw2 start
2025-11-28 09:14:12,560 - Knowledge - INFO - Batch sizing: calculated=15, max_allowed=25, queue=255, active_workers=0/1
2025-11-28 09:14:12,560 - Knowledge - INFO - Worker kw3 created using shared MongoDB connection pool
2025-11-28 09:14:12,560 - Knowledge - INFO - [kw2] Queue=255, InProgress=0, PendingWorkers=0/2, Completed=0/255 (0.0%)
2025-11-28 09:14:12,560 - Knowledge - INFO - knowledge worker kw3 start
2025-11-28 09:14:12,560 - Knowledge - INFO - Worker kw4 created using shared MongoDB connection pool
2025-11-28 09:14:12,560 - Knowledge - INFO - Batch sizing: calculated=15, max_allowed=25, queue=255, active_workers=1/3
2025-11-28 09:14:12,560 - Knowledge - INFO - Worker kw1 processing /Users/veera/Documents/kavia-backend/graphnode-backend-api/data/rdk7542/786/b4400wa/entservices-deviceanddisplay-786/SystemMode/CMakeLists.txt
2025-11-28 09:14:12,560 - Knowledge - INFO - [kw3] Queue=240, InProgress=0, PendingWorkers=1/3, Completed=0/255 (0.0%)
2025-11-28 09:14:12,560 - Knowledge - INFO - knowledge worker kw4 start
2025-11-28 09:14:12,560 - Knowledge - INFO - Worker kw5 created using shared MongoDB connection pool
2025-11-28 09:14:12,560 - Knowledge - INFO - Worker kw2 processing /Users/veera/Documents/kavia-backend/graphnode-backend-api/data/rdk7542/786/b4400wa/entservices-deviceanddisplay-786/cmake/FindDeepSleepHal.cmake
2025-11-28 09:14:12,561 - Knowledge - INFO - Batch sizing: calculated=15, max_allowed=25, queue=240, active_workers=2/4
2025-11-28 09:14:12,561 - Knowledge - INFO - Fast-tracked /Users/veera/Documents/kavia-backend/graphnode-backend-api/data/rdk7542/786/b4400wa/entservices-deviceanddisplay-786/SystemMode/CMakeLists.txt (ext=.txt, size=2721)
2025-11-28 09:14:12,561 - Knowledge - INFO - [kw4] Queue=225, InProgress=0, PendingWorkers=2/4, Completed=0/255 (0.0%)
2025-11-28 09:14:12,561 - Knowledge - INFO - knowledge worker kw5 start
2025-11-28 09:14:12,561 - Knowledge - INFO - Worker kw6 created using shared MongoDB connection pool
2025-11-28 09:14:12,561 - Knowledge - INFO - Worker kw1 processing /Users/veera/Documents/kavia-backend/graphnode-backend-api/data/rdk7542/786/b4400wa/entservices-deviceanddisplay-786/SystemMode/CHANGELOG.md
2025-11-28 09:14:12,561 - Knowledge - INFO - Batch sizing: calculated=15, max_allowed=25, queue=225, active_workers=3/5
2025-11-28 09:14:12,561 - Knowledge - INFO - Fast-tracked /Users/veera/Documents/kavia-backend/graphnode-backend-api/data/rdk7542/786/b4400wa/entservices-deviceanddisplay-786/cmake/FindDeepSleepHal.cmake (ext=.cmake, size=1774)
2025-11-28 09:14:12,561 - Knowledge - INFO - Worker kw3 processing /Users/veera/Documents/kavia-backend/graphnode-backend-api/data/rdk7542/786/b4400wa/entservices-deviceanddisplay-786/cmake/FindIARMBus.cmake
2025-11-28 09:14:12,561 - Knowledge - INFO - [kw5] Queue=210, InProgress=0, PendingWorkers=3/5, Completed=0/255 (0.0%)
2025-11-28 09:14:12,561 - Knowledge - INFO - knowledge worker kw6 start
2025-11-28 09:14:12,561 - Knowledge - INFO - Fast-tracked /Users/veera/Documents/kavia-backend/graphnode-backend-api/data/rdk7542/786/b4400wa/entservices-deviceanddisplay-786/SystemMode/CHANGELOG.md (ext=.md, size=1293)
2025-11-28 09:14:12,561 - Knowledge - INFO - Worker kw7 created using shared MongoDB connection pool
2025-11-28 09:14:12,562 - Knowledge - INFO - Worker kw2 processing /Users/veera/Documents/kavia-backend/graphnode-backend-api/data/rdk7542/786/b4400wa/entservices-deviceanddisplay-786/cmake/FindMFR.cmake
2025-11-28 09:14:12,562 - Knowledge - INFO - Worker kw4 processing /Users/veera/Documents/kavia-backend/graphnode-backend-api/data/rdk7542/786/b4400wa/entservices-deviceanddisplay-786/DisplaySettings/Module.h
2025-11-28 09:14:12,562 - Knowledge - INFO - Fast-tracked /Users/veera/Documents/kavia-backend/graphnode-backend-api/data/rdk7542/786/b4400wa/entservices-deviceanddisplay-786/cmake/FindMFR.cmake (ext=.cmake, size=947)
2025-11-28 09:14:12,562 - Knowledge - INFO - Batch sizing: calculated=15, max_allowed=25, queue=210, active_workers=4/6
2025-11-28 09:14:12,562 - Knowledge - INFO - Worker kw1 processing /Users/veera/Documents/kavia-backend/graphnode-backend-api/data/rdk7542/786/b4400wa/entservices-deviceanddisplay-786/SystemMode/Module.cpp
2025-11-28 09:14:12,562 - Knowledge - INFO - [kw6] Queue=195, InProgress=0, PendingWorkers=4/6, Completed=0/255 (0.0%)
2025-11-28 09:14:12,562 - Knowledge - INFO - knowledge worker kw7 start
2025-11-28 09:14:12,562 - Knowledge - INFO - Fast-tracked /Users/veera/Documents/kavia-backend/graphnode-backend-api/data/rdk7542/786/b4400wa/entservices-deviceanddisplay-786/cmake/FindIARMBus.cmake (ext=.cmake, size=1860)
2025-11-28 09:14:12,562 - Knowledge - INFO - Worker kw2 processing /Users/veera/Documents/kavia-backend/graphnode-backend-api/data/rdk7542/786/b4400wa/entservices-deviceanddisplay-786/cmake/FindGLIB.cmake
2025-11-28 09:14:12,562 - Knowledge - INFO - Fast-tracked /Users/veera/Documents/kavia-backend/graphnode-backend-api/data/rdk7542/786/b4400wa/entservices-deviceanddisplay-786/DisplaySettings/Module.h (ext=.h, size=879)
2025-11-28 09:14:12,562 - Knowledge - INFO - Worker kw8 created using shared MongoDB connection pool
2025-11-28 09:14:12,562 - Knowledge - INFO - Batch sizing: calculated=12, max_allowed=25, queue=195, active_workers=5/7
2025-11-28 09:14:12,562 - Knowledge - INFO - Fast-tracked /Users/veera/Documents/kavia-backend/graphnode-backend-api/data/rdk7542/786/b4400wa/entservices-deviceanddisplay-786/SystemMode/Module.cpp (ext=.cpp, size=763)
2025-11-28 09:14:12,562 - Knowledge - INFO - Worker kw3 processing /Users/veera/Documents/kavia-backend/graphnode-backend-api/data/rdk7542/786/b4400wa/entservices-deviceanddisplay-786/cmake/FindRDKStorageManager.cmake
2025-11-28 09:14:12,562 - Knowledge - INFO - [kw7] Queue=180, InProgress=0, PendingWorkers=5/7, Completed=0/255 (0.0%)
2025-11-28 09:14:12,563 - Knowledge - INFO - Worker kw5 processing /Users/veera/Documents/kavia-backend/graphnode-backend-api/data/rdk7542/786/b4400wa/entservices-deviceanddisplay-786/Tests/README.md
2025-11-28 09:14:12,563 - Knowledge - INFO - Worker kw4 processing /Users/veera/Documents/kavia-backend/graphnode-backend-api/data/rdk7542/786/b4400wa/entservices-deviceanddisplay-786/DisplaySettings/DisplaySettings.h
2025-11-28 09:14:12,563 - Knowledge - INFO - knowledge worker kw8 start
2025-11-28 09:14:12,563 - Knowledge - INFO - Worker kw2 processing /Users/veera/Documents/kavia-backend/graphnode-backend-api/data/rdk7542/786/b4400wa/entservices-deviceanddisplay-786/cmake/FindGStreamer.cmake
2025-11-28 09:14:12,563 - Knowledge - INFO - Worker kw9 created using shared MongoDB connection pool
2025-11-28 09:14:12,563 - Knowledge - INFO - Worker kw1 processing /Users/veera/Documents/kavia-backend/graphnode-backend-api/data/rdk7542/786/b4400wa/entservices-deviceanddisplay-786/SystemMode/SystemModeImplementation.cpp
2025-11-28 09:14:12,563 - Knowledge - INFO - Worker kw1 processing /Users/veera/Documents/kavia-backend/graphnode-backend-api/data/rdk7542/786/b4400wa/entservices-deviceanddisplay-786/SystemMode/SystemMode.h
2025-11-28 09:14:12,563 - Knowledge - INFO - Batch sizing: calculated=12, max_allowed=25, queue=180, active_workers=6/8
2025-11-28 09:14:12,563 - Knowledge - INFO - Worker kw6 processing /Users/veera/Documents/kavia-backend/graphnode-backend-api/data/rdk7542/786/b4400wa/entservices-deviceanddisplay-786/Tests/L1Tests/tests/test_DeviceVideoCapabilities.cpp
2025-11-28 09:14:12,563 - Knowledge - INFO - Fast-tracked /Users/veera/Documents/kavia-backend/graphnode-backend-api/data/rdk7542/786/b4400wa/entservices-deviceanddisplay-786/Tests/README.md (ext=.md, size=4041)
2025-11-28 09:14:12,563 - Knowledge - INFO - Worker kw4 processing /Users/veera/Documents/kavia-backend/graphnode-backend-api/data/rdk7542/786/b4400wa/entservices-deviceanddisplay-786/Tests/entServicesCOMRPC-FrameRateTest.cpp
2025-11-28 09:14:12,563 - Knowledge - INFO - knowledge worker kw9 start
2025-11-28 09:14:12,563 - Knowledge - INFO - [kw8] Queue=168, InProgress=0, PendingWorkers=6/8, Completed=0/255 (0.0%)
2025-11-28 09:14:12,563 - Knowledge - INFO - Worker kw10 created using shared MongoDB connection pool
2025-11-28 09:14:12,564 - Knowledge - INFO - Worker kw2 processing /Users/veera/Documents/kavia-backend/graphnode-backend-api/data/rdk7542/786/b4400wa/entservices-deviceanddisplay-786/cmake/FindNEXUS.cmake
2025-11-28 09:14:12,564 - Knowledge - INFO - Fast-tracked /Users/veera/Documents/kavia-backend/graphnode-backend-api/data/rdk7542/786/b4400wa/entservices-deviceanddisplay-786/cmake/FindRDKStorageManager.cmake (ext=.cmake, size=983)
2025-11-28 09:14:12,564 - Knowledge - INFO - Worker kw1 processing /Users/veera/Documents/kavia-backend/graphnode-backend-api/data/rdk7542/786/b4400wa/entservices-deviceanddisplay-786/SystemMode/SystemMode.cpp
2025-11-28 09:14:12,564 - Knowledge - INFO - Worker kw5 processing /Users/veera/Documents/kavia-backend/graphnode-backend-api/data/rdk7542/786/b4400wa/entservices-deviceanddisplay-786/Tests/L1Tests/CMakeLists.txt
2025-11-28 09:14:12,564 - Knowledge - INFO - Fast-tracked /Users/veera/Documents/kavia-backend/graphnode-backend-api/data/rdk7542/786/b4400wa/entservices-deviceanddisplay-786/Tests/L1Tests/tests/test_DeviceVideoCapabilities.cpp (ext=.cpp, size=12333)
2025-11-28 09:14:12,564 - Knowledge - INFO - [kw9] Queue=156, InProgress=0, PendingWorkers=7/9, Completed=0/255 (0.0%)
2025-11-28 09:14:12,564 - Knowledge - INFO - Batch sizing: calculated=12, max_allowed=25, queue=168, active_workers=7/9
2025-11-28 09:14:12,564 - Knowledge - INFO - Fast-tracked /Users/veera/Documents/kavia-backend/graphnode-backend-api/data/rdk7542/786/b4400wa/entservices-deviceanddisplay-786/Tests/entServicesCOMRPC-FrameRateTest.cpp (ext=.cpp, size=10069)
2025-11-28 09:14:12,564 - Knowledge - INFO - Worker kw7 processing /Users/veera/Documents/kavia-backend/graphnode-backend-api/data/rdk7542/786/b4400wa/entservices-deviceanddisplay-786/DeviceInfo/Implementation/DeviceAudioCapabilities.cpp
2025-11-28 09:14:12,564 - Knowledge - INFO - knowledge worker kw10 start
2025-11-28 09:14:12,564 - Knowledge - INFO - Worker kw11 created using shared MongoDB connection pool
2025-11-28 09:14:12,564 - Knowledge - INFO - Worker kw3 processing /Users/veera/Documents/kavia-backend/graphnode-backend-api/data/rdk7542/786/b4400wa/entservices-deviceanddisplay-786/cmake/FindCEC.cmake
2025-11-28 09:14:12,564 - Knowledge - INFO - Worker kw2 processing /Users/veera/Documents/kavia-backend/graphnode-backend-api/data/rdk7542/786/b4400wa/entservices-deviceanddisplay-786/cmake/FindPowerHal.cmake
2025-11-28 09:14:12,564 - Knowledge - INFO - Worker kw6 processing /Users/veera/Documents/kavia-backend/graphnode-backend-api/data/rdk7542/786/b4400wa/entservices-deviceanddisplay-786/Tests/L1Tests/tests/test_DeviceInfoJsonRpc.cpp
2025-11-28 09:14:12,564 - Knowledge - INFO - Fast-tracked /Users/veera/Documents/kavia-backend/graphnode-backend-api/data/rdk7542/786/b4400wa/entservices-deviceanddisplay-786/Tests/L1Tests/CMakeLists.txt (ext=.txt, size=8688)
2025-11-28 09:14:12,565 - Knowledge - INFO - Batch sizing: calculated=12, max_allowed=25, queue=156, active_workers=7/10
2025-11-28 09:14:12,565 - Knowledge - INFO - Worker kw4 processing /Users/veera/Documents/kavia-backend/graphnode-backend-api/data/rdk7542/786/b4400wa/entservices-deviceanddisplay-786/Tests/gcc-with-coverage.cmake
2025-11-28 09:14:12,565 - Knowledge - INFO - Worker kw1 processing /Users/veera/Documents/kavia-backend/graphnode-backend-api/data/rdk7542/786/b4400wa/entservices-deviceanddisplay-786/SystemMode/SystemModeImplementation.h
2025-11-28 09:14:12,565 - Knowledge - INFO - Worker kw8 processing /Users/veera/Documents/kavia-backend/graphnode-backend-api/data/rdk7542/786/b4400wa/entservices-deviceanddisplay-786/DisplayInfo/DeviceSettings/PlatformImplementation.cpp
2025-11-28 09:14:12,565 - Knowledge - INFO - [kw10] Queue=144, InProgress=0, PendingWorkers=8/10, Completed=0/255 (0.0%)
2025-11-28 09:14:12,565 - Knowledge - INFO - knowledge worker kw11 start
2025-11-28 09:14:12,565 - Knowledge - INFO - Worker kw7 processing /Users/veera/Documents/kavia-backend/graphnode-backend-api/data/rdk7542/786/b4400wa/entservices-deviceanddisplay-786/DeviceInfo/Implementation/FirmwareVersion.h
2025-11-28 09:14:12,565 - Knowledge - INFO - Fast-tracked /Users/veera/Documents/kavia-backend/graphnode-backend-api/data/rdk7542/786/b4400wa/entservices-deviceanddisplay-786/cmake/FindCEC.cmake (ext=.cmake, size=1947)
2025-11-28 09:14:12,565 - Knowledge - INFO - Worker kw12 created using shared MongoDB connection pool
2025-11-28 09:14:12,565 - Knowledge - INFO - Fast-tracked /Users/veera/Documents/kavia-backend/graphnode-backend-api/data/rdk7542/786/b4400wa/entservices-deviceanddisplay-786/cmake/FindPowerHal.cmake (ext=.cmake, size=1673)
2025-11-28 09:14:12,565 - Knowledge - INFO - Fast-tracked /Users/veera/Documents/kavia-backend/graphnode-backend-api/data/rdk7542/786/b4400wa/entservices-deviceanddisplay-786/Tests/L1Tests/tests/test_DeviceInfoJsonRpc.cpp (ext=.cpp, size=19674)
2025-11-28 09:14:12,565 - Knowledge - INFO - Worker kw5 processing /Users/veera/Documents/kavia-backend/graphnode-backend-api/data/rdk7542/786/b4400wa/entservices-deviceanddisplay-786/Tests/L1Tests/tests/test_DeviceInfoWeb.cpp
2025-11-28 09:14:12,565 - Knowledge - INFO - Worker kw9 processing /Users/veera/Documents/kavia-backend/graphnode-backend-api/data/rdk7542/786/b4400wa/entservices-deviceanddisplay-786/DisplayInfo/Linux/PlatformImplementation.cpp
2025-11-28 09:14:12,565 - Knowledge - INFO - Fast-tracked /Users/veera/Documents/kavia-backend/graphnode-backend-api/data/rdk7542/786/b4400wa/entservices-deviceanddisplay-786/Tests/gcc-with-coverage.cmake (ext=.cmake, size=756)
2025-11-28 09:14:12,566 - Knowledge - INFO - Worker kw1 processing /Users/veera/Documents/kavia-backend/graphnode-backend-api/data/rdk7542/786/b4400wa/entservices-deviceanddisplay-786/SystemMode/Module.h
2025-11-28 09:14:12,566 - Knowledge - INFO - Batch sizing: calculated=12, max_allowed=25, queue=144, active_workers=9/11
2025-11-28 09:14:12,566 - Knowledge - INFO - Worker kw8 processing /Users/veera/Documents/kavia-backend/graphnode-backend-api/data/rdk7542/786/b4400wa/entservices-deviceanddisplay-786/DisplayInfo/cmake/FindLibDRM.cmake
2025-11-28 09:14:12,566 - Knowledge - INFO - [kw11] Queue=132, InProgress=0, PendingWorkers=9/11, Completed=0/255 (0.0%)
2025-11-28 09:14:12,566 - Knowledge - INFO - Fast-tracked /Users/veera/Documents/kavia-backend/graphnode-backend-api/data/rdk7542/786/b4400wa/entservices-deviceanddisplay-786/DeviceInfo/Implementation/FirmwareVersion.h (ext=.h, size=1572)
2025-11-28 09:14:12,566 - Knowledge - INFO - Worker kw3 processing /Users/veera/Documents/kavia-backend/graphnode-backend-api/data/rdk7542/786/b4400wa/entservices-deviceanddisplay-786/cmake/FindAC.cmake
2025-11-28 09:14:12,566 - Knowledge - INFO - knowledge worker kw12 start
2025-11-28 09:14:12,566 - Knowledge - INFO - Worker kw2 processing /Users/veera/Documents/kavia-backend/graphnode-backend-api/data/rdk7542/786/b4400wa/entservices-deviceanddisplay-786/cmake/FindSqliteSee.cmake
2025-11-28 09:14:12,566 - Knowledge - INFO - Worker kw13 created using shared MongoDB connection pool
2025-11-28 09:14:12,566 - Knowledge - INFO - Worker kw6 processing /Users/veera/Documents/kavia-backend/graphnode-backend-api/data/rdk7542/786/b4400wa/entservices-deviceanddisplay-786/Tests/L1Tests/tests/test_UtilsFile.cpp
2025-11-28 09:14:12,566 - Knowledge - INFO - Fast-tracked /Users/veera/Documents/kavia-backend/graphnode-backend-api/data/rdk7542/786/b4400wa/entservices-deviceanddisplay-786/Tests/L1Tests/tests/test_DeviceInfoWeb.cpp (ext=.cpp, size=11496)
2025-11-28 09:14:12,566 - Knowledge - INFO - Worker kw4 processing /Users/veera/Documents/kavia-backend/graphnode-backend-api/data/rdk7542/786/b4400wa/entservices-deviceanddisplay-786/Tests/CMakeLists.txt
2025-11-28 09:14:12,566 - Knowledge - INFO - Worker kw9 processing /Users/veera/Documents/kavia-backend/graphnode-backend-api/data/rdk7542/786/b4400wa/entservices-deviceanddisplay-786/DisplayInfo/Module.h
2025-11-28 09:14:12,566 - Knowledge - INFO - Worker kw10 processing /Users/veera/Documents/kavia-backend/graphnode-backend-api/data/rdk7542/786/b4400wa/entservices-deviceanddisplay-786/FrameRate/FrameRate.cpp
2025-11-28 09:14:12,566 - Knowledge - INFO - Worker kw8 processing /Users/veera/Documents/kavia-backend/graphnode-backend-api/data/rdk7542/786/b4400wa/entservices-deviceanddisplay-786/DisplayInfo/cmake/FindGStreamer.cmake
2025-11-28 09:14:12,567 - Knowledge - INFO - Batch sizing: calculated=12, max_allowed=25, queue=132, active_workers=10/12
2025-11-28 09:14:12,567 - Knowledge - INFO - Fast-tracked /Users/veera/Documents/kavia-backend/graphnode-backend-api/data/rdk7542/786/b4400wa/entservices-deviceanddisplay-786/SystemMode/Module.h (ext=.h, size=872)
2025-11-28 09:14:12,567 - Knowledge - INFO - Worker kw7 processing /Users/veera/Documents/kavia-backend/graphnode-backend-api/data/rdk7542/786/b4400wa/entservices-deviceanddisplay-786/DeviceInfo/Implementation/FirmwareVersion.cpp
2025-11-28 09:14:12,567 - Knowledge - INFO - Fast-tracked /Users/veera/Documents/kavia-backend/graphnode-backend-api/data/rdk7542/786/b4400wa/entservices-deviceanddisplay-786/cmake/FindAC.cmake (ext=.cmake, size=1567)
2025-11-28 09:14:12,567 - Knowledge - INFO - [kw12] Queue=120, InProgress=0, PendingWorkers=10/12, Completed=0/255 (0.0%)
2025-11-28 09:14:12,567 - Knowledge - INFO - knowledge worker kw13 start
2025-11-28 09:14:12,567 - Knowledge - INFO - Fast-tracked /Users/veera/Documents/kavia-backend/graphnode-backend-api/data/rdk7542/786/b4400wa/entservices-deviceanddisplay-786/cmake/FindSqliteSee.cmake (ext=.cmake, size=774)
2025-11-28 09:14:12,567 - Knowledge - INFO - Worker kw14 created using shared MongoDB connection pool
2025-11-28 09:14:12,567 - Knowledge - INFO - Fast-tracked /Users/veera/Documents/kavia-backend/graphnode-backend-api/data/rdk7542/786/b4400wa/entservices-deviceanddisplay-786/Tests/L1Tests/tests/test_UtilsFile.cpp (ext=.cpp, size=1934)
2025-11-28 09:14:12,567 - Knowledge - INFO - Worker kw5 processing /Users/veera/Documents/kavia-backend/graphnode-backend-api/data/rdk7542/786/b4400wa/entservices-deviceanddisplay-786/Tests/L1Tests/tests/test_FirmwareVersion.cpp
2025-11-28 09:14:12,567 - Knowledge - INFO - Fast-tracked /Users/veera/Documents/kavia-backend/graphnode-backend-api/data/rdk7542/786/b4400wa/entservices-deviceanddisplay-786/Tests/CMakeLists.txt (ext=.txt, size=3074)
2025-11-28 09:14:12,567 - Knowledge - INFO - Fast-tracked /Users/veera/Documents/kavia-backend/graphnode-backend-api/data/rdk7542/786/b4400wa/entservices-deviceanddisplay-786/DisplayInfo/Module.h (ext=.h, size=886)
2025-11-28 09:14:12,567 - Knowledge - INFO - Worker kw10 processing /Users/veera/Documents/kavia-backend/graphnode-backend-api/data/rdk7542/786/b4400wa/entservices-deviceanddisplay-786/FrameRate/Module.h
2025-11-28 09:14:12,567 - Knowledge - INFO - Worker kw8 processing /Users/veera/Documents/kavia-backend/graphnode-backend-api/data/rdk7542/786/b4400wa/entservices-deviceanddisplay-786/DisplayInfo/cmake/FindNEXUS.cmake
2025-11-28 09:14:12,567 - Knowledge - INFO - Worker kw1 processing /Users/veera/Documents/kavia-backend/graphnode-backend-api/data/rdk7542/786/b4400wa/entservices-deviceanddisplay-786/CMakeLists.txt
2025-11-28 09:14:12,569 - Knowledge - INFO - Worker kw11 processing /Users/veera/Documents/kavia-backend/graphnode-backend-api/data/rdk7542/786/b4400wa/entservices-deviceanddisplay-786/SystemServices/platformcaps/platformcapsdatarpc.cpp
2025-11-28 09:14:12,569 - Knowledge - INFO - Worker kw3 processing /Users/veera/Documents/kavia-backend/graphnode-backend-api/data/rdk7542/786/b4400wa/entservices-deviceanddisplay-786/cmake/FindRFC.cmake
2025-11-28 09:14:12,569 - Knowledge - INFO - Worker kw7 processing /Users/veera/Documents/kavia-backend/graphnode-backend-api/data/rdk7542/786/b4400wa/entservices-deviceanddisplay-786/DeviceInfo/Implementation/DeviceInfo.cpp
2025-11-28 09:14:12,569 - Knowledge - INFO - Batch sizing: calculated=12, max_allowed=25, queue=120, active_workers=11/13
2025-11-28 09:14:12,569 - Knowledge - INFO - Worker kw2 processing /Users/veera/Documents/kavia-backend/graphnode-backend-api/data/rdk7542/786/b4400wa/entservices-deviceanddisplay-786/cmake/FindGStreamerVideo.cmake
2025-11-28 09:14:12,569 - Knowledge - INFO - [kw13] Queue=108, InProgress=0, PendingWorkers=11/13, Completed=0/255 (0.0%)
2025-11-28 09:14:12,569 - Knowledge - INFO - knowledge worker kw14 start
2025-11-28 09:14:12,569 - Knowledge - INFO - Worker kw6 processing /Users/veera/Documents/kavia-backend/graphnode-backend-api/data/rdk7542/786/b4400wa/entservices-deviceanddisplay-786/DeviceInfo/DeviceInfoJsonRpc.cpp
2025-11-28 09:14:12,569 - Knowledge - INFO - Worker kw15 created using shared MongoDB connection pool
2025-11-28 09:14:12,569 - Knowledge - INFO - Worker kw6 processing /Users/veera/Documents/kavia-backend/graphnode-backend-api/data/rdk7542/786/b4400wa/entservices-deviceanddisplay-786/DeviceInfo/CMakeLists.txt
2025-11-28 09:14:12,569 - Knowledge - INFO - Worker kw9 processing /Users/veera/Documents/kavia-backend/graphnode-backend-api/data/rdk7542/786/b4400wa/entservices-deviceanddisplay-786/DisplayInfo/DisplayInfoTracing.h
2025-11-28 09:14:12,569 - Knowledge - INFO - Fast-tracked /Users/veera/Documents/kavia-backend/graphnode-backend-api/data/rdk7542/786/b4400wa/entservices-deviceanddisplay-786/Tests/L1Tests/tests/test_FirmwareVersion.cpp (ext=.cpp, size=5302)
2025-11-28 09:14:12,569 - Knowledge - INFO - Fast-tracked /Users/veera/Documents/kavia-backend/graphnode-backend-api/data/rdk7542/786/b4400wa/entservices-deviceanddisplay-786/FrameRate/Module.h (ext=.h, size=873)
2025-11-28 09:14:12,569 - Knowledge - INFO - Fast-tracked /Users/veera/Documents/kavia-backend/graphnode-backend-api/data/rdk7542/786/b4400wa/entservices-deviceanddisplay-786/CMakeLists.txt (ext=.txt, size=3128)
2025-11-28 09:14:12,570 - Knowledge - INFO - Worker kw11 processing /Users/veera/Documents/kavia-backend/graphnode-backend-api/data/rdk7542/786/b4400wa/entservices-deviceanddisplay-786/SystemServices/platformcaps/platformcaps.h
2025-11-28 09:14:12,570 - Knowledge - INFO - Worker kw8 processing /Users/veera/Documents/kavia-backend/graphnode-backend-api/data/rdk7542/786/b4400wa/entservices-deviceanddisplay-786/DisplayInfo/cmake/FindBCM_HOST.cmake
2025-11-28 09:14:12,570 - Knowledge - INFO - Fast-tracked /Users/veera/Documents/kavia-backend/graphnode-backend-api/data/rdk7542/786/b4400wa/entservices-deviceanddisplay-786/cmake/FindRFC.cmake (ext=.cmake, size=663)
2025-11-28 09:14:12,570 - Knowledge - INFO - Worker kw7 processing /Users/veera/Documents/kavia-backend/graphnode-backend-api/data/rdk7542/786/b4400wa/entservices-deviceanddisplay-786/DeviceInfo/Module.h
2025-11-28 09:14:12,570 - Knowledge - INFO - Worker kw12 processing /Users/veera/Documents/kavia-backend/graphnode-backend-api/data/rdk7542/786/b4400wa/entservices-deviceanddisplay-786/SystemServices/SystemServices.cpp
2025-11-28 09:14:12,570 - Knowledge - INFO - Worker kw2 processing /Users/veera/Documents/kavia-backend/graphnode-backend-api/data/rdk7542/786/b4400wa/entservices-deviceanddisplay-786/cmake/FindSqlite.cmake
2025-11-28 09:14:12,570 - Knowledge - INFO - Batch sizing: calculated=12, max_allowed=25, queue=108, active_workers=12/14
2025-11-28 09:14:12,570 - Knowledge - INFO - Worker kw4 processing /Users/veera/Documents/kavia-backend/graphnode-backend-api/data/rdk7542/786/b4400wa/entservices-deviceanddisplay-786/Tests/L2Tests/CMakeLists.txt
2025-11-28 09:14:12,570 - Knowledge - INFO - [kw14] Queue=96, InProgress=0, PendingWorkers=12/14, Completed=0/255 (0.0%)
2025-11-28 09:14:12,570 - Knowledge - INFO - knowledge worker kw15 start
2025-11-28 09:14:12,570 - Knowledge - INFO - Worker kw16 created using shared MongoDB connection pool
2025-11-28 09:14:12,570 - Knowledge - INFO - Fast-tracked /Users/veera/Documents/kavia-backend/graphnode-backend-api/data/rdk7542/786/b4400wa/entservices-deviceanddisplay-786/DeviceInfo/CMakeLists.txt (ext=.txt, size=2334)
2025-11-28 09:14:12,570 - Knowledge - INFO - Worker kw5 processing /Users/veera/Documents/kavia-backend/graphnode-backend-api/data/rdk7542/786/b4400wa/entservices-deviceanddisplay-786/Tests/L1Tests/tests/test_PowerManagerSettings.cpp
2025-11-28 09:14:12,570 - Knowledge - INFO - Worker kw10 processing /Users/veera/Documents/kavia-backend/graphnode-backend-api/data/rdk7542/786/b4400wa/entservices-deviceanddisplay-786/CONTRIBUTING.md
2025-11-28 09:14:12,570 - Knowledge - INFO - Worker kw9 processing /Users/veera/Documents/kavia-backend/graphnode-backend-api/data/rdk7542/786/b4400wa/entservices-deviceanddisplay-786/README.md
2025-11-28 09:14:12,570 - Knowledge - INFO - Worker kw1 processing /Users/veera/Documents/kavia-backend/graphnode-backend-api/data/rdk7542/786/b4400wa/entservices-deviceanddisplay-786/cmake/FindAamp.cmake
2025-11-28 09:14:12,571 - Knowledge - INFO - Worker kw11 processing /Users/veera/Documents/kavia-backend/graphnode-backend-api/data/rdk7542/786/b4400wa/entservices-deviceanddisplay-786/SystemServices/platformcaps/platformcaps.cpp
2025-11-28 09:14:12,571 - Knowledge - INFO - Worker kw3 processing /Users/veera/Documents/kavia-backend/graphnode-backend-api/data/rdk7542/786/b4400wa/entservices-deviceanddisplay-786/cmake/FindLibSoup.cmake
2025-11-28 09:14:12,571 - Knowledge - INFO - Worker kw8 processing /Users/veera/Documents/kavia-backend/graphnode-backend-api/data/rdk7542/786/b4400wa/entservices-deviceanddisplay-786/DisplayInfo/cmake/FindNXCLIENT.cmake
2025-11-28 09:14:12,571 - Knowledge - INFO - Fast-tracked /Users/veera/Documents/kavia-backend/graphnode-backend-api/data/rdk7542/786/b4400wa/entservices-deviceanddisplay-786/DeviceInfo/Module.h (ext=.h, size=968)
2025-11-28 09:14:12,571 - Knowledge - INFO - Fast-tracked /Users/veera/Documents/kavia-backend/graphnode-backend-api/data/rdk7542/786/b4400wa/entservices-deviceanddisplay-786/SystemServices/SystemServices.cpp (ext=.cpp, size=222860)
2025-11-28 09:14:12,571 - Knowledge - INFO - Batch sizing: calculated=10, max_allowed=25, queue=96, active_workers=13/15
2025-11-28 09:14:12,571 - Knowledge - INFO - Fast-tracked /Users/veera/Documents/kavia-backend/graphnode-backend-api/data/rdk7542/786/b4400wa/entservices-deviceanddisplay-786/cmake/FindSqlite.cmake (ext=.cmake, size=771)
2025-11-28 09:14:12,571 - Knowledge - INFO - Fast-tracked /Users/veera/Documents/kavia-backend/graphnode-backend-api/data/rdk7542/786/b4400wa/entservices-deviceanddisplay-786/Tests/L2Tests/CMakeLists.txt (ext=.txt, size=3302)
2025-11-28 09:14:12,571 - Knowledge - INFO - [kw15] Queue=84, InProgress=0, PendingWorkers=13/15, Completed=0/255 (0.0%)
2025-11-28 09:14:12,571 - Knowledge - INFO - Worker kw13 processing /Users/veera/Documents/kavia-backend/graphnode-backend-api/data/rdk7542/786/b4400wa/entservices-deviceanddisplay-786/PowerManager/RebootController.h
2025-11-28 09:14:12,571 - Knowledge - INFO - Worker kw6 processing /Users/veera/Documents/kavia-backend/graphnode-backend-api/data/rdk7542/786/b4400wa/entservices-deviceanddisplay-786/DeviceInfo/CHANGELOG.md
2025-11-28 09:14:12,571 - Knowledge - INFO - knowledge worker kw16 start
2025-11-28 09:14:12,571 - Knowledge - INFO - Worker kw17 created using shared MongoDB connection pool
2025-11-28 09:14:12,571 - Knowledge - INFO - Fast-tracked /Users/veera/Documents/kavia-backend/graphnode-backend-api/data/rdk7542/786/b4400wa/entservices-deviceanddisplay-786/Tests/L1Tests/tests/test_PowerManagerSettings.cpp (ext=.cpp, size=7535)
2025-11-28 09:14:12,571 - Knowledge - INFO - Fast-tracked /Users/veera/Documents/kavia-backend/graphnode-backend-api/data/rdk7542/786/b4400wa/entservices-deviceanddisplay-786/CONTRIBUTING.md (ext=.md, size=267)
2025-11-28 09:14:12,572 - Knowledge - INFO - Worker kw1 processing /Users/veera/Documents/kavia-backend/graphnode-backend-api/data/rdk7542/786/b4400wa/entservices-deviceanddisplay-786/cmake/FindPlabels.cmake
2025-11-28 09:14:12,572 - Knowledge - INFO - Fast-tracked /Users/veera/Documents/kavia-backend/graphnode-backend-api/data/rdk7542/786/b4400wa/entservices-deviceanddisplay-786/README.md (ext=.md, size=70)
2025-11-28 09:14:12,572 - Knowledge - INFO - Worker kw11 processing /Users/veera/Documents/kavia-backend/graphnode-backend-api/data/rdk7542/786/b4400wa/entservices-deviceanddisplay-786/SystemServices/cTimer.cpp
2025-11-28 09:14:12,572 - Knowledge - INFO - Fast-tracked /Users/veera/Documents/kavia-backend/graphnode-backend-api/data/rdk7542/786/b4400wa/entservices-deviceanddisplay-786/cmake/FindLibSoup.cmake (ext=.cmake, size=1398)
2025-11-28 09:14:12,572 - Knowledge - INFO - Worker kw7 processing /Users/veera/Documents/kavia-backend/graphnode-backend-api/data/rdk7542/786/b4400wa/entservices-deviceanddisplay-786/DeviceInfo/DeviceInfo.cpp
2025-11-28 09:14:12,572 - Knowledge - INFO - Worker kw12 processing /Users/veera/Documents/kavia-backend/graphnode-backend-api/data/rdk7542/786/b4400wa/entservices-deviceanddisplay-786/SystemServices/thermonitor.cpp
2025-11-28 09:14:12,572 - Knowledge - INFO - Fast-tracked /Users/veera/Documents/kavia-backend/graphnode-backend-api/data/rdk7542/786/b4400wa/entservices-deviceanddisplay-786/DisplayInfo/cmake/FindNXCLIENT.cmake (ext=.cmake, size=1813)
2025-11-28 09:14:12,572 - Knowledge - INFO - Worker kw2 processing /Users/veera/Documents/kavia-backend/graphnode-backend-api/data/rdk7542/786/b4400wa/entservices-deviceanddisplay-786/cmake/FindBCM_HOST.cmake
2025-11-28 09:14:12,572 - Knowledge - INFO - Batch sizing: calculated=10, max_allowed=25, queue=84, active_workers=14/16
2025-11-28 09:14:12,572 - Knowledge - INFO - Worker kw2 processing /Users/veera/Documents/kavia-backend/graphnode-backend-api/data/rdk7542/786/b4400wa/entservices-deviceanddisplay-786/cmake/FindDL.cmake
2025-11-28 09:14:12,572 - Knowledge - INFO - Worker kw14 processing /Users/veera/Documents/kavia-backend/graphnode-backend-api/data/rdk7542/786/b4400wa/entservices-deviceanddisplay-786/PowerManager/hal/PowerImpl.h
2025-11-28 09:14:12,572 - Knowledge - INFO - Worker kw13 processing /Users/veera/Documents/kavia-backend/graphnode-backend-api/data/rdk7542/786/b4400wa/entservices-deviceanddisplay-786/PowerManager/CMakeLists.txt
2025-11-28 09:14:12,572 - Knowledge - INFO - Fast-tracked /Users/veera/Documents/kavia-backend/graphnode-backend-api/data/rdk7542/786/b4400wa/entservices-deviceanddisplay-786/DeviceInfo/CHANGELOG.md (ext=.md, size=1015)
2025-11-28 09:14:12,572 - Knowledge - INFO - [kw16] Queue=74, InProgress=0, PendingWorkers=14/16, Completed=0/255 (0.0%)
2025-11-28 09:14:12,572 - Knowledge - INFO - Worker kw5 processing /Users/veera/Documents/kavia-backend/graphnode-backend-api/data/rdk7542/786/b4400wa/entservices-deviceanddisplay-786/Tests/L1Tests/tests/test_DeviceDiagnostics.cpp
2025-11-28 09:14:12,573 - Knowledge - INFO - Worker kw10 processing /Users/veera/Documents/kavia-backend/graphnode-backend-api/data/rdk7542/786/b4400wa/entservices-deviceanddisplay-786/SystemServices/CMakeLists.txt
2025-11-28 09:14:12,573 - Knowledge - INFO - knowledge worker kw17 start
2025-11-28 09:14:12,573 - Knowledge - INFO - Worker kw18 created using shared MongoDB connection pool
2025-11-28 09:14:12,573 - Knowledge - INFO - Fast-tracked /Users/veera/Documents/kavia-backend/graphnode-backend-api/data/rdk7542/786/b4400wa/entservices-deviceanddisplay-786/cmake/FindPlabels.cmake (ext=.cmake, size=1051)
2025-11-28 09:14:12,573 - Knowledge - INFO - Worker kw9 processing /Users/veera/Documents/kavia-backend/graphnode-backend-api/data/rdk7542/786/b4400wa/entservices-deviceanddisplay-786/services.cmake
2025-11-28 09:14:12,573 - Knowledge - INFO - Worker kw3 processing /Users/veera/Documents/kavia-backend/graphnode-backend-api/data/rdk7542/786/b4400wa/entservices-deviceanddisplay-786/cmake/FindNXCLIENT.cmake
2025-11-28 09:14:12,573 - Knowledge - INFO - Worker kw11 processing /Users/veera/Documents/kavia-backend/graphnode-backend-api/data/rdk7542/786/b4400wa/entservices-deviceanddisplay-786/SystemServices/cTimer.h
2025-11-28 09:14:12,573 - Knowledge - INFO - Worker kw7 processing /Users/veera/Documents/kavia-backend/graphnode-backend-api/data/rdk7542/786/b4400wa/entservices-deviceanddisplay-786/DisplayInfo/DisplayInfo.h
2025-11-28 09:14:12,573 - Knowledge - INFO - Worker kw12 processing /Users/veera/Documents/kavia-backend/graphnode-backend-api/data/rdk7542/786/b4400wa/entservices-deviceanddisplay-786/SystemServices/SystemServicesHelper.cpp
2025-11-28 09:14:12,573 - Knowledge - INFO - Worker kw8 processing /Users/veera/Documents/kavia-backend/graphnode-backend-api/data/rdk7542/786/b4400wa/entservices-deviceanddisplay-786/DisplayInfo/CHANGELOG.md
2025-11-28 09:14:12,573 - Knowledge - INFO - Worker kw4 processing /Users/veera/Documents/kavia-backend/graphnode-backend-api/data/rdk7542/786/b4400wa/entservices-deviceanddisplay-786/Tests/L2Tests/tests/SystemMode_L2Test.cpp
2025-11-28 09:14:12,574 - Knowledge - INFO - Worker kw15 processing /Users/veera/Documents/kavia-backend/graphnode-backend-api/data/rdk7542/786/b4400wa/entservices-deviceanddisplay-786/PowerManager/ThermalController.cpp
2025-11-28 09:14:12,574 - Knowledge - INFO - Worker kw14 processing /Users/veera/Documents/kavia-backend/graphnode-backend-api/data/rdk7542/786/b4400wa/entservices-deviceanddisplay-786/PowerManager/hal/Thermal.h
2025-11-28 09:14:12,574 - Knowledge - INFO - Fast-tracked /Users/veera/Documents/kavia-backend/graphnode-backend-api/data/rdk7542/786/b4400wa/entservices-deviceanddisplay-786/cmake/FindDL.cmake (ext=.cmake, size=796)
2025-11-28 09:14:12,574 - Knowledge - INFO - Fast-tracked /Users/veera/Documents/kavia-backend/graphnode-backend-api/data/rdk7542/786/b4400wa/entservices-deviceanddisplay-786/PowerManager/CMakeLists.txt (ext=.txt, size=4726)
2025-11-28 09:14:12,574 - Knowledge - INFO - Worker kw6 processing /Users/veera/Documents/kavia-backend/graphnode-backend-api/data/rdk7542/786/b4400wa/entservices-deviceanddisplay-786/DeviceInfo/Module.cpp
2025-11-28 09:14:12,574 - Knowledge - INFO - Fast-tracked /Users/veera/Documents/kavia-backend/graphnode-backend-api/data/rdk7542/786/b4400wa/entservices-deviceanddisplay-786/DeviceInfo/Module.cpp (ext=.cpp, size=780)
2025-11-28 09:14:12,574 - Knowledge - INFO - Worker kw6 processing /Users/veera/Documents/kavia-backend/graphnode-backend-api/data/rdk7542/786/b4400wa/entservices-deviceanddisplay-786/DeviceInfo/DeviceInfo.h
2025-11-28 09:14:12,574 - Knowledge - INFO - Batch sizing: calculated=10, max_allowed=25, queue=74, active_workers=15/17
2025-11-28 09:14:12,574 - Knowledge - INFO - [kw17] Queue=64, InProgress=0, PendingWorkers=15/17, Completed=0/255 (0.0%)
2025-11-28 09:14:12,574 - Knowledge - INFO - knowledge worker kw18 start
2025-11-28 09:14:12,574 - Knowledge - INFO - Worker kw1 processing /Users/veera/Documents/kavia-backend/graphnode-backend-api/data/rdk7542/786/b4400wa/entservices-deviceanddisplay-786/cmake/FindCTRLM.cmake
2025-11-28 09:14:12,574 - Knowledge - INFO - Worker kw19 created using shared MongoDB connection pool
2025-11-28 09:14:12,574 - Knowledge - INFO - Worker kw9 processing /Users/veera/Documents/kavia-backend/graphnode-backend-api/data/rdk7542/786/b4400wa/entservices-deviceanddisplay-786/FrameRate/CMakeLists.txt
2025-11-28 09:14:12,574 - Knowledge - INFO - Fast-tracked /Users/veera/Documents/kavia-backend/graphnode-backend-api/data/rdk7542/786/b4400wa/entservices-deviceanddisplay-786/cmake/FindNXCLIENT.cmake (ext=.cmake, size=1813)
2025-11-28 09:14:12,574 - Knowledge - INFO - Fast-tracked /Users/veera/Documents/kavia-backend/graphnode-backend-api/data/rdk7542/786/b4400wa/entservices-deviceanddisplay-786/SystemServices/cTimer.h (ext=.h, size=1817)
2025-11-28 09:14:12,575 - Knowledge - INFO - Worker kw7 processing /Users/veera/Documents/kavia-backend/graphnode-backend-api/data/rdk7542/786/b4400wa/entservices-deviceanddisplay-786/DisplayInfo/CMakeLists.txt
2025-11-28 09:14:12,575 - Knowledge - INFO - Worker kw12 processing /Users/veera/Documents/kavia-backend/graphnode-backend-api/data/rdk7542/786/b4400wa/entservices-deviceanddisplay-786/SystemServices/thermonitor.h
2025-11-28 09:14:12,575 - Knowledge - INFO - Fast-tracked /Users/veera/Documents/kavia-backend/graphnode-backend-api/data/rdk7542/786/b4400wa/entservices-deviceanddisplay-786/DisplayInfo/CHANGELOG.md (ext=.md, size=1015)
2025-11-28 09:14:12,575 - Knowledge - INFO - Fast-tracked /Users/veera/Documents/kavia-backend/graphnode-backend-api/data/rdk7542/786/b4400wa/entservices-deviceanddisplay-786/Tests/L2Tests/tests/SystemMode_L2Test.cpp (ext=.cpp, size=30926)
2025-11-28 09:14:12,575 - Knowledge - INFO - Worker kw15 processing /Users/veera/Documents/kavia-backend/graphnode-backend-api/data/rdk7542/786/b4400wa/entservices-deviceanddisplay-786/PowerManager/AckController.h
2025-11-28 09:14:12,575 - Knowledge - INFO - Fast-tracked /Users/veera/Documents/kavia-backend/graphnode-backend-api/data/rdk7542/786/b4400wa/entservices-deviceanddisplay-786/PowerManager/hal/Thermal.h (ext=.h, size=1517)
2025-11-28 09:14:12,575 - Knowledge - INFO - Worker kw2 processing /Users/veera/Documents/kavia-backend/graphnode-backend-api/data/rdk7542/786/b4400wa/entservices-deviceanddisplay-786/cmake/FindUdev.cmake
2025-11-28 09:14:12,575 - Knowledge - INFO - Worker kw13 processing /Users/veera/Documents/kavia-backend/graphnode-backend-api/data/rdk7542/786/b4400wa/entservices-deviceanddisplay-786/PowerManager/PowerUtils.h
2025-11-28 09:14:12,575 - Knowledge - INFO - Worker kw6 processing /Users/veera/Documents/kavia-backend/graphnode-backend-api/data/rdk7542/786/b4400wa/entservices-deviceanddisplay-786/DeviceInfo/Implementation/DeviceAudioCapabilities.h
2025-11-28 09:14:12,575 - Knowledge - INFO - Fast-tracked /Users/veera/Documents/kavia-backend/graphnode-backend-api/data/rdk7542/786/b4400wa/entservices-deviceanddisplay-786/SystemServices/CMakeLists.txt (ext=.txt, size=4180)
2025-11-28 09:14:12,575 - Knowledge - INFO - Worker kw16 processing /Users/veera/Documents/kavia-backend/graphnode-backend-api/data/rdk7542/786/b4400wa/entservices-deviceanddisplay-786/Warehouse/cmake/FindIARMBus.cmake
2025-11-28 09:14:12,575 - Knowledge - INFO - Batch sizing: calculated=10, max_allowed=25, queue=64, active_workers=16/18
2025-11-28 09:14:12,575 - Knowledge - INFO - Fast-tracked /Users/veera/Documents/kavia-backend/graphnode-backend-api/data/rdk7542/786/b4400wa/entservices-deviceanddisplay-786/Tests/L1Tests/tests/test_DeviceDiagnostics.cpp (ext=.cpp, size=5899)
2025-11-28 09:14:12,575 - Knowledge - INFO - [kw18] Queue=54, InProgress=0, PendingWorkers=16/18, Completed=0/255 (0.0%)
2025-11-28 09:14:12,575 - Knowledge - INFO - Fast-tracked /Users/veera/Documents/kavia-backend/graphnode-backend-api/data/rdk7542/786/b4400wa/entservices-deviceanddisplay-786/cmake/FindCTRLM.cmake (ext=.cmake, size=1245)
2025-11-28 09:14:12,575 - Knowledge - INFO - knowledge worker kw19 start
2025-11-28 09:14:12,575 - Knowledge - INFO - Worker kw20 created using shared MongoDB connection pool
2025-11-28 09:14:12,575 - Knowledge - INFO - Fast-tracked /Users/veera/Documents/kavia-backend/graphnode-backend-api/data/rdk7542/786/b4400wa/entservices-deviceanddisplay-786/FrameRate/CMakeLists.txt (ext=.txt, size=3829)
2025-11-28 09:14:12,575 - Knowledge - INFO - Worker kw3 processing /Users/veera/Documents/kavia-backend/graphnode-backend-api/data/rdk7542/786/b4400wa/entservices-deviceanddisplay-786/CHANGELOG.md
2025-11-28 09:14:12,576 - Knowledge - INFO - Worker kw11 processing /Users/veera/Documents/kavia-backend/graphnode-backend-api/data/rdk7542/786/b4400wa/entservices-deviceanddisplay-786/SystemServices/StateObserverHelper.h
2025-11-28 09:14:12,576 - Knowledge - INFO - Fast-tracked /Users/veera/Documents/kavia-backend/graphnode-backend-api/data/rdk7542/786/b4400wa/entservices-deviceanddisplay-786/DisplayInfo/CMakeLists.txt (ext=.txt, size=4935)
2025-11-28 09:14:12,576 - Knowledge - INFO - Worker kw12 processing /Users/veera/Documents/kavia-backend/graphnode-backend-api/data/rdk7542/786/b4400wa/entservices-deviceanddisplay-786/UserPreferences/CMakeLists.txt
2025-11-28 09:14:12,576 - Knowledge - INFO - Worker kw8 processing /Users/veera/Documents/kavia-backend/graphnode-backend-api/data/rdk7542/786/b4400wa/entservices-deviceanddisplay-786/DisplayInfo/Module.cpp
2025-11-28 09:14:12,576 - Knowledge - INFO - Worker kw4 processing /Users/veera/Documents/kavia-backend/graphnode-backend-api/data/rdk7542/786/b4400wa/entservices-deviceanddisplay-786/Tests/L2Tests/tests/UserPreferences_L2Test.cpp
2025-11-28 09:14:12,576 - Knowledge - INFO - Worker kw14 processing /Users/veera/Documents/kavia-backend/graphnode-backend-api/data/rdk7542/786/b4400wa/entservices-deviceanddisplay-786/PowerManager/Module.cpp
2025-11-28 09:14:12,576 - Knowledge - INFO - Worker kw15 processing /Users/veera/Documents/kavia-backend/graphnode-backend-api/data/rdk7542/786/b4400wa/entservices-deviceanddisplay-786/PowerManager/Module.h
2025-11-28 09:14:12,576 - Knowledge - INFO - Fast-tracked /Users/veera/Documents/kavia-backend/graphnode-backend-api/data/rdk7542/786/b4400wa/entservices-deviceanddisplay-786/PowerManager/PowerUtils.h (ext=.h, size=1206)
2025-11-28 09:14:12,576 - Knowledge - INFO - Fast-tracked /Users/veera/Documents/kavia-backend/graphnode-backend-api/data/rdk7542/786/b4400wa/entservices-deviceanddisplay-786/DeviceInfo/Implementation/DeviceAudioCapabilities.h (ext=.h, size=1991)
2025-11-28 09:14:12,576 - Knowledge - INFO - Worker kw10 processing /Users/veera/Documents/kavia-backend/graphnode-backend-api/data/rdk7542/786/b4400wa/entservices-deviceanddisplay-786/SystemServices/cmake/FindDS.cmake
2025-11-28 09:14:12,576 - Knowledge - INFO - Fast-tracked /Users/veera/Documents/kavia-backend/graphnode-backend-api/data/rdk7542/786/b4400wa/entservices-deviceanddisplay-786/cmake/FindUdev.cmake (ext=.cmake, size=769)
2025-11-28 09:14:12,576 - Knowledge - INFO - Fast-tracked /Users/veera/Documents/kavia-backend/graphnode-backend-api/data/rdk7542/786/b4400wa/entservices-deviceanddisplay-786/Warehouse/cmake/FindIARMBus.cmake (ext=.cmake, size=1945)
2025-11-28 09:14:12,576 - Knowledge - INFO - Worker kw5 processing /Users/veera/Documents/kavia-backend/graphnode-backend-api/data/rdk7542/786/b4400wa/entservices-deviceanddisplay-786/Tests/L1Tests/tests/test_PowerManager.cpp
2025-11-28 09:14:12,576 - Knowledge - INFO - Worker kw17 processing /Users/veera/Documents/kavia-backend/graphnode-backend-api/data/rdk7542/786/b4400wa/entservices-deviceanddisplay-786/DeviceDiagnostics/CHANGELOG.md
2025-11-28 09:14:12,576 - Knowledge - INFO - Batch sizing: calculated=10, max_allowed=25, queue=54, active_workers=17/19
2025-11-28 09:14:12,576 - Knowledge - INFO - Worker kw1 processing /Users/veera/Documents/kavia-backend/graphnode-backend-api/data/rdk7542/786/b4400wa/entservices-deviceanddisplay-786/cmake/FindNopoll.cmake
2025-11-28 09:14:12,576 - Knowledge - INFO - [kw19] Queue=44, InProgress=0, PendingWorkers=17/19, Completed=0/255 (0.0%)
2025-11-28 09:14:12,576 - Knowledge - INFO - knowledge worker kw20 start
2025-11-28 09:14:12,576 - Knowledge - INFO - Worker kw9 processing /Users/veera/Documents/kavia-backend/graphnode-backend-api/data/rdk7542/786/b4400wa/entservices-deviceanddisplay-786/FrameRate/CHANGELOG.md
2025-11-28 09:14:12,576 - Knowledge - INFO - Fast-tracked /Users/veera/Documents/kavia-backend/graphnode-backend-api/data/rdk7542/786/b4400wa/entservices-deviceanddisplay-786/CHANGELOG.md (ext=.md, size=55336)
2025-11-28 09:14:12,577 - Knowledge - INFO - Worker kw7 processing /Users/veera/Documents/kavia-backend/graphnode-backend-api/data/rdk7542/786/b4400wa/entservices-deviceanddisplay-786/DisplayInfo/DeviceSettings/RPI/kms.c
2025-11-28 09:14:12,577 - Knowledge - INFO - Worker kw11 processing /Users/veera/Documents/kavia-backend/graphnode-backend-api/data/rdk7542/786/b4400wa/entservices-deviceanddisplay-786/SystemServices/SystemServicesHelper.h
2025-11-28 09:14:12,577 - Knowledge - INFO - Fast-tracked /Users/veera/Documents/kavia-backend/graphnode-backend-api/data/rdk7542/786/b4400wa/entservices-deviceanddisplay-786/UserPreferences/CMakeLists.txt (ext=.txt, size=2145)
2025-11-28 09:14:12,577 - Knowledge - INFO - Fast-tracked /Users/veera/Documents/kavia-backend/graphnode-backend-api/data/rdk7542/786/b4400wa/entservices-deviceanddisplay-786/DisplayInfo/Module.cpp (ext=.cpp, size=781)
2025-11-28 09:14:12,577 - Knowledge - INFO - Fast-tracked /Users/veera/Documents/kavia-backend/graphnode-backend-api/data/rdk7542/786/b4400wa/entservices-deviceanddisplay-786/Tests/L2Tests/tests/UserPreferences_L2Test.cpp (ext=.cpp, size=10619)
2025-11-28 09:14:12,577 - Knowledge - INFO - Fast-tracked /Users/veera/Documents/kavia-backend/graphnode-backend-api/data/rdk7542/786/b4400wa/entservices-deviceanddisplay-786/PowerManager/Module.cpp (ext=.cpp, size=763)
2025-11-28 09:14:12,577 - Knowledge - INFO - Fast-tracked /Users/veera/Documents/kavia-backend/graphnode-backend-api/data/rdk7542/786/b4400wa/entservices-deviceanddisplay-786/PowerManager/Module.h (ext=.h, size=874)
2025-11-28 09:14:12,577 - Knowledge - INFO - Worker kw13 processing /Users/veera/Documents/kavia-backend/graphnode-backend-api/data/rdk7542/786/b4400wa/entservices-deviceanddisplay-786/PowerManager/Settings.h
2025-11-28 09:14:12,577 - Knowledge - INFO - Worker kw6 processing /Users/veera/Documents/kavia-backend/graphnode-backend-api/data/rdk7542/786/b4400wa/entservices-deviceanddisplay-786/DeviceInfo/Implementation/DeviceVideoCapabilities.cpp
2025-11-28 09:14:12,577 - Knowledge - INFO - Fast-tracked /Users/veera/Documents/kavia-backend/graphnode-backend-api/data/rdk7542/786/b4400wa/entservices-deviceanddisplay-786/SystemServices/cmake/FindDS.cmake (ext=.cmake, size=1707)
2025-11-28 09:14:12,577 - Knowledge - INFO - Worker kw2 processing /Users/veera/Documents/kavia-backend/graphnode-backend-api/data/rdk7542/786/b4400wa/entservices-deviceanddisplay-786/cmake/FindDS.cmake
2025-11-28 09:14:12,577 - Knowledge - INFO - Worker kw16 processing /Users/veera/Documents/kavia-backend/graphnode-backend-api/data/rdk7542/786/b4400wa/entservices-deviceanddisplay-786/Warehouse/CHANGELOG.md
2025-11-28 09:14:12,577 - Knowledge - INFO - Fast-tracked /Users/veera/Documents/kavia-backend/graphnode-backend-api/data/rdk7542/786/b4400wa/entservices-deviceanddisplay-786/Tests/L1Tests/tests/test_PowerManager.cpp (ext=.cpp, size=65918)
2025-11-28 09:14:12,577 - Knowledge - INFO - Fast-tracked /Users/veera/Documents/kavia-backend/graphnode-backend-api/data/rdk7542/786/b4400wa/entservices-deviceanddisplay-786/DeviceDiagnostics/CHANGELOG.md (ext=.md, size=1015)
2025-11-28 09:14:12,577 - Knowledge - INFO - Worker kw18 processing /Users/veera/Documents/kavia-backend/graphnode-backend-api/data/rdk7542/786/b4400wa/entservices-deviceanddisplay-786/helpers/UtilsBIT.h
2025-11-28 09:14:12,577 - Knowledge - INFO - Fast-tracked /Users/veera/Documents/kavia-backend/graphnode-backend-api/data/rdk7542/786/b4400wa/entservices-deviceanddisplay-786/cmake/FindNopoll.cmake (ext=.cmake, size=1155)
2025-11-28 09:14:12,577 - Knowledge - INFO - Batch sizing: calculated=10, max_allowed=25, queue=44, active_workers=18/20
2025-11-28 09:14:12,577 - Knowledge - INFO - [kw20] Queue=34, InProgress=0, PendingWorkers=18/20, Completed=0/255 (0.0%)
2025-11-28 09:14:12,577 - Knowledge - INFO - Worker kw3 processing /Users/veera/Documents/kavia-backend/graphnode-backend-api/data/rdk7542/786/b4400wa/entservices-deviceanddisplay-786/DisplaySettings/CMakeLists.txt
2025-11-28 09:14:12,577 - Knowledge - INFO - Fast-tracked /Users/veera/Documents/kavia-backend/graphnode-backend-api/data/rdk7542/786/b4400wa/entservices-deviceanddisplay-786/FrameRate/CHANGELOG.md (ext=.md, size=1015)
2025-11-28 09:14:12,578 - Knowledge - INFO - Worker kw7 processing /Users/veera/Documents/kavia-backend/graphnode-backend-api/data/rdk7542/786/b4400wa/entservices-deviceanddisplay-786/DisplayInfo/DeviceSettings/RPI/SoC_abstraction.cpp
2025-11-28 09:14:12,578 - Knowledge - INFO - Worker kw11 processing /Users/veera/Documents/kavia-backend/graphnode-backend-api/data/rdk7542/786/b4400wa/entservices-deviceanddisplay-786/SystemServices/TestClient/CMakeLists.txt
2025-11-28 09:14:12,578 - Knowledge - INFO - Worker kw12 processing /Users/veera/Documents/kavia-backend/graphnode-backend-api/data/rdk7542/786/b4400wa/entservices-deviceanddisplay-786/UserPreferences/CHANGELOG.md
2025-11-28 09:14:12,578 - Knowledge - INFO - Worker kw8 processing /Users/veera/Documents/kavia-backend/graphnode-backend-api/data/rdk7542/786/b4400wa/entservices-deviceanddisplay-786/DisplayInfo/RPI/PlatformImplementation.cpp
2025-11-28 09:14:12,578 - Knowledge - INFO - Worker kw4 processing /Users/veera/Documents/kavia-backend/graphnode-backend-api/data/rdk7542/786/b4400wa/entservices-deviceanddisplay-786/Tests/L2Tests/tests/SystemService_L2Test.cpp
2025-11-28 09:14:12,578 - Knowledge - INFO - Worker kw14 processing /Users/veera/Documents/kavia-backend/graphnode-backend-api/data/rdk7542/786/b4400wa/entservices-deviceanddisplay-786/PowerManager/PowerController.h
2025-11-28 09:14:12,578 - Knowledge - INFO - Worker kw15 processing /Users/veera/Documents/kavia-backend/graphnode-backend-api/data/rdk7542/786/b4400wa/entservices-deviceanddisplay-786/PowerManager/PowerManagerImplementation.h
2025-11-28 09:14:12,578 - Knowledge - INFO - Worker kw13 processing /Users/veera/Documents/kavia-backend/graphnode-backend-api/data/rdk7542/786/b4400wa/entservices-deviceanddisplay-786/PowerManager/PowerUtils.cpp
2025-11-28 09:14:12,578 - Knowledge - INFO - Worker kw6 processing /Users/veera/Documents/kavia-backend/graphnode-backend-api/data/rdk7542/786/b4400wa/entservices-deviceanddisplay-786/DeviceInfo/Implementation/DeviceVideoCapabilities.h
2025-11-28 09:14:12,578 - Knowledge - INFO - Worker kw10 processing /Users/veera/Documents/kavia-backend/graphnode-backend-api/data/rdk7542/786/b4400wa/entservices-deviceanddisplay-786/SystemServices/cmake/FindIARMBus.cmake
2025-11-28 09:14:12,578 - Knowledge - INFO - Fast-tracked /Users/veera/Documents/kavia-backend/graphnode-backend-api/data/rdk7542/786/b4400wa/entservices-deviceanddisplay-786/cmake/FindDS.cmake (ext=.cmake, size=1842)
2025-11-28 09:14:12,578 - Knowledge - INFO - Fast-tracked /Users/veera/Documents/kavia-backend/graphnode-backend-api/data/rdk7542/786/b4400wa/entservices-deviceanddisplay-786/Warehouse/CHANGELOG.md (ext=.md, size=1015)
2025-11-28 09:14:12,578 - Knowledge - INFO - Worker kw5 processing /Users/veera/Documents/kavia-backend/graphnode-backend-api/data/rdk7542/786/b4400wa/entservices-deviceanddisplay-786/Tests/L1Tests/tests/test_FrameRate.cpp
2025-11-28 09:14:12,578 - Knowledge - INFO - Worker kw17 processing /Users/veera/Documents/kavia-backend/graphnode-backend-api/data/rdk7542/786/b4400wa/entservices-deviceanddisplay-786/DeviceDiagnostics/Module.cpp
2025-11-28 09:14:12,578 - Knowledge - INFO - Fast-tracked /Users/veera/Documents/kavia-backend/graphnode-backend-api/data/rdk7542/786/b4400wa/entservices-deviceanddisplay-786/helpers/UtilsBIT.h (ext=.h, size=1312)
2025-11-28 09:14:12,578 - Knowledge - INFO - Worker kw1 processing /Users/veera/Documents/kavia-backend/graphnode-backend-api/data/rdk7542/786/b4400wa/entservices-deviceanddisplay-786/cmake/FindLMPLAYER.cmake
2025-11-28 09:14:12,578 - Knowledge - INFO - Batch sizing: calculated=10, max_allowed=25, queue=34, active_workers=19/20
2025-11-28 09:14:12,578 - Knowledge - INFO - Worker kw19 processing /Users/veera/Documents/kavia-backend/graphnode-backend-api/data/rdk7542/786/b4400wa/entservices-deviceanddisplay-786/helpers/WebSockets/CommunicationInterface/BinaryInterface.h
2025-11-28 09:14:12,578 - Knowledge - INFO - Worker kw9 processing /Users/veera/Documents/kavia-backend/graphnode-backend-api/data/rdk7542/786/b4400wa/entservices-deviceanddisplay-786/FrameRate/FrameRateImplementation.cpp
2025-11-28 09:14:12,578 - Knowledge - INFO - Fast-tracked /Users/veera/Documents/kavia-backend/graphnode-backend-api/data/rdk7542/786/b4400wa/entservices-deviceanddisplay-786/DisplaySettings/CMakeLists.txt (ext=.txt, size=2615)
2025-11-28 09:14:12,578 - Knowledge - INFO - Worker kw7 processing /Users/veera/Documents/kavia-backend/graphnode-backend-api/data/rdk7542/786/b4400wa/entservices-deviceanddisplay-786/DisplayInfo/DeviceSettings/RPI/kms.h
2025-11-28 09:14:12,578 - Knowledge - INFO - Fast-tracked /Users/veera/Documents/kavia-backend/graphnode-backend-api/data/rdk7542/786/b4400wa/entservices-deviceanddisplay-786/SystemServices/TestClient/CMakeLists.txt (ext=.txt, size=1501)
2025-11-28 09:14:12,579 - Knowledge - INFO - Fast-tracked /Users/veera/Documents/kavia-backend/graphnode-backend-api/data/rdk7542/786/b4400wa/entservices-deviceanddisplay-786/UserPreferences/CHANGELOG.md (ext=.md, size=1015)
2025-11-28 09:14:12,579 - Knowledge - INFO - Worker kw8 processing /Users/veera/Documents/kavia-backend/graphnode-backend-api/data/rdk7542/786/b4400wa/entservices-deviceanddisplay-786/DisplayInfo/DisplayInfo.cpp
2025-11-28 09:14:12,579 - Knowledge - INFO - Fast-tracked /Users/veera/Documents/kavia-backend/graphnode-backend-api/data/rdk7542/786/b4400wa/entservices-deviceanddisplay-786/Tests/L2Tests/tests/SystemService_L2Test.cpp (ext=.cpp, size=25044)
2025-11-28 09:14:12,579 - Knowledge - INFO - Worker kw14 processing /Users/veera/Documents/kavia-backend/graphnode-backend-api/data/rdk7542/786/b4400wa/entservices-deviceanddisplay-786/PowerManager/PowerController.cpp
2025-11-28 09:14:12,579 - Knowledge - INFO - Worker kw15 processing /Users/veera/Documents/kavia-backend/graphnode-backend-api/data/rdk7542/786/b4400wa/entservices-deviceanddisplay-786/PowerManager/RebootController.cpp
2025-11-28 09:14:12,579 - Knowledge - INFO - Worker kw13 processing /Users/veera/Documents/kavia-backend/graphnode-backend-api/data/rdk7542/786/b4400wa/entservices-deviceanddisplay-786/PowerManager/CHANGELOG.md
2025-11-28 09:14:12,579 - Knowledge - INFO - Fast-tracked /Users/veera/Documents/kavia-backend/graphnode-backend-api/data/rdk7542/786/b4400wa/entservices-deviceanddisplay-786/DeviceInfo/Implementation/DeviceVideoCapabilities.h (ext=.h, size=1991)
2025-11-28 09:14:12,579 - Knowledge - INFO - Fast-tracked /Users/veera/Documents/kavia-backend/graphnode-backend-api/data/rdk7542/786/b4400wa/entservices-deviceanddisplay-786/SystemServices/cmake/FindIARMBus.cmake (ext=.cmake, size=1714)
2025-11-28 09:14:12,579 - Knowledge - INFO - Worker kw2 processing /Users/veera/Documents/kavia-backend/graphnode-backend-api/data/rdk7542/786/b4400wa/entservices-deviceanddisplay-786/cmake/FindTTS.cmake
2025-11-28 09:14:12,579 - Knowledge - INFO - Worker kw16 processing /Users/veera/Documents/kavia-backend/graphnode-backend-api/data/rdk7542/786/b4400wa/entservices-deviceanddisplay-786/Warehouse/Module.cpp
2025-11-28 09:14:12,579 - Knowledge - INFO - Fast-tracked /Users/veera/Documents/kavia-backend/graphnode-backend-api/data/rdk7542/786/b4400wa/entservices-deviceanddisplay-786/Tests/L1Tests/tests/test_FrameRate.cpp (ext=.cpp, size=35742)
2025-11-28 09:14:12,579 - Knowledge - INFO - Fast-tracked /Users/veera/Documents/kavia-backend/graphnode-backend-api/data/rdk7542/786/b4400wa/entservices-deviceanddisplay-786/DeviceDiagnostics/Module.cpp (ext=.cpp, size=765)
2025-11-28 09:14:12,579 - Knowledge - INFO - Worker kw18 processing /Users/veera/Documents/kavia-backend/graphnode-backend-api/data/rdk7542/786/b4400wa/entservices-deviceanddisplay-786/helpers/UtilsString.h
2025-11-28 09:14:12,579 - Knowledge - INFO - Fast-tracked /Users/veera/Documents/kavia-backend/graphnode-backend-api/data/rdk7542/786/b4400wa/entservices-deviceanddisplay-786/cmake/FindLMPLAYER.cmake (ext=.cmake, size=1899)
2025-11-28 09:14:12,579 - Knowledge - INFO - Worker kw20 processing /Users/veera/Documents/kavia-backend/graphnode-backend-api/data/rdk7542/786/b4400wa/entservices-deviceanddisplay-786/helpers/WebSockets/Roles/SingleClientServer.h
2025-11-28 09:14:12,579 - Knowledge - INFO - Worker kw9 processing /Users/veera/Documents/kavia-backend/graphnode-backend-api/data/rdk7542/786/b4400wa/entservices-deviceanddisplay-786/FrameRate/Module.cpp
2025-11-28 09:14:12,579 - Knowledge - INFO - Fast-tracked /Users/veera/Documents/kavia-backend/graphnode-backend-api/data/rdk7542/786/b4400wa/entservices-deviceanddisplay-786/helpers/WebSockets/CommunicationInterface/BinaryInterface.h (ext=.h, size=1699)
2025-11-28 09:14:12,579 - Knowledge - INFO - Fast-tracked /Users/veera/Documents/kavia-backend/graphnode-backend-api/data/rdk7542/786/b4400wa/entservices-deviceanddisplay-786/FrameRate/Module.cpp (ext=.cpp, size=765)
2025-11-28 09:14:12,580 - Knowledge - INFO - Worker kw11 processing /Users/veera/Documents/kavia-backend/graphnode-backend-api/data/rdk7542/786/b4400wa/entservices-deviceanddisplay-786/SystemServices/TestClient/systemServiceTestClient.cpp
2025-11-28 09:14:12,580 - Knowledge - INFO - Worker kw7 processing /Users/veera/Documents/kavia-backend/graphnode-backend-api/data/rdk7542/786/b4400wa/entservices-deviceanddisplay-786/DisplayInfo/DeviceSettings/SoC_abstraction.h
2025-11-28 09:14:12,580 - Knowledge - INFO - Worker kw12 processing /Users/veera/Documents/kavia-backend/graphnode-backend-api/data/rdk7542/786/b4400wa/entservices-deviceanddisplay-786/UserPreferences/Module.cpp
2025-11-28 09:14:12,580 - Knowledge - INFO - Worker kw8 processing /Users/veera/Documents/kavia-backend/graphnode-backend-api/data/rdk7542/786/b4400wa/entservices-deviceanddisplay-786/DisplayInfo/DisplayInfoJsonRpc.cpp
2025-11-28 09:14:12,580 - Knowledge - INFO - Worker kw4 processing /Users/veera/Documents/kavia-backend/graphnode-backend-api/data/rdk7542/786/b4400wa/entservices-deviceanddisplay-786/Tests/L2Tests/tests/Warehouse_L2Test.cpp
2025-11-28 09:14:12,580 - Knowledge - INFO - Worker kw14 processing /Users/veera/Documents/kavia-backend/graphnode-backend-api/data/rdk7542/786/b4400wa/entservices-deviceanddisplay-786/PowerManager/DeepSleepController.h
2025-11-28 09:14:12,580 - Knowledge - INFO - Worker kw15 processing /Users/veera/Documents/kavia-backend/graphnode-backend-api/data/rdk7542/786/b4400wa/entservices-deviceanddisplay-786/PowerManager/Settings.cpp
2025-11-28 09:14:12,580 - Knowledge - INFO - Fast-tracked /Users/veera/Documents/kavia-backend/graphnode-backend-api/data/rdk7542/786/b4400wa/entservices-deviceanddisplay-786/PowerManager/CHANGELOG.md (ext=.md, size=1013)
2025-11-28 09:14:12,580 - Knowledge - INFO - Worker kw6 processing /Users/veera/Documents/kavia-backend/graphnode-backend-api/data/rdk7542/786/b4400wa/entservices-deviceanddisplay-786/DeviceInfo/Implementation/DeviceInfo.h
2025-11-28 09:14:12,580 - Knowledge - INFO - Worker kw10 processing /Users/veera/Documents/kavia-backend/graphnode-backend-api/data/rdk7542/786/b4400wa/entservices-deviceanddisplay-786/SystemServices/CHANGELOG.md
2025-11-28 09:14:12,580 - Knowledge - INFO - Fast-tracked /Users/veera/Documents/kavia-backend/graphnode-backend-api/data/rdk7542/786/b4400wa/entservices-deviceanddisplay-786/cmake/FindTTS.cmake (ext=.cmake, size=1379)
2025-11-28 09:14:12,580 - Knowledge - INFO - Fast-tracked /Users/veera/Documents/kavia-backend/graphnode-backend-api/data/rdk7542/786/b4400wa/entservices-deviceanddisplay-786/Warehouse/Module.cpp (ext=.cpp, size=765)
2025-11-28 09:14:12,580 - Knowledge - INFO - Worker kw5 processing /Users/veera/Documents/kavia-backend/graphnode-backend-api/data/rdk7542/786/b4400wa/entservices-deviceanddisplay-786/Tests/L1Tests/tests/test_DisplayInfo.cpp
2025-11-28 09:14:12,580 - Knowledge - INFO - Worker kw17 processing /Users/veera/Documents/kavia-backend/graphnode-backend-api/data/rdk7542/786/b4400wa/entservices-deviceanddisplay-786/DeviceDiagnostics/DeviceDiagnosticsImplementation.cpp
2025-11-28 09:14:12,580 - Knowledge - INFO - Worker kw1 processing /Users/veera/Documents/kavia-backend/graphnode-backend-api/data/rdk7542/786/b4400wa/entservices-deviceanddisplay-786/cmake/FindCurl.cmake
2025-11-28 09:14:12,580 - Knowledge - INFO - Worker kw18 processing /Users/veera/Documents/kavia-backend/graphnode-backend-api/data/rdk7542/786/b4400wa/entservices-deviceanddisplay-786/helpers/cSettings.h
2025-11-28 09:14:12,580 - Knowledge - INFO - Worker kw3 processing /Users/veera/Documents/kavia-backend/graphnode-backend-api/data/rdk7542/786/b4400wa/entservices-deviceanddisplay-786/DisplaySettings/cmake/FindDS.cmake
2025-11-28 09:14:12,580 - Knowledge - INFO - Worker kw20 processing /Users/veera/Documents/kavia-backend/graphnode-backend-api/data/rdk7542/786/b4400wa/entservices-deviceanddisplay-786/helpers/WebSockets/PingPong/PingPongEnabled.h
2025-11-28 09:14:12,580 - Knowledge - INFO - Worker kw19 processing /Users/veera/Documents/kavia-backend/graphnode-backend-api/data/rdk7542/786/b4400wa/entservices-deviceanddisplay-786/helpers/WebSockets/Encryption/NoEncryption.h
2025-11-28 09:14:12,580 - Knowledge - INFO - Worker kw9 processing /Users/veera/Documents/kavia-backend/graphnode-backend-api/data/rdk7542/786/b4400wa/entservices-deviceanddisplay-786/FrameRate/FrameRate.h
2025-11-28 09:14:12,581 - Knowledge - INFO - Worker kw11 processing /Users/veera/Documents/kavia-backend/graphnode-backend-api/data/rdk7542/786/b4400wa/entservices-deviceanddisplay-786/SystemServices/TestClient/Module.h
2025-11-28 09:14:12,581 - Knowledge - INFO - Fast-tracked /Users/veera/Documents/kavia-backend/graphnode-backend-api/data/rdk7542/786/b4400wa/entservices-deviceanddisplay-786/DisplayInfo/DeviceSettings/SoC_abstraction.h (ext=.h, size=1350)
2025-11-28 09:14:12,581 - Knowledge - INFO - Fast-tracked /Users/veera/Documents/kavia-backend/graphnode-backend-api/data/rdk7542/786/b4400wa/entservices-deviceanddisplay-786/UserPreferences/Module.cpp (ext=.cpp, size=765)
2025-11-28 09:14:12,581 - Knowledge - INFO - Fast-tracked /Users/veera/Documents/kavia-backend/graphnode-backend-api/data/rdk7542/786/b4400wa/entservices-deviceanddisplay-786/DisplayInfo/DisplayInfoJsonRpc.cpp (ext=.cpp, size=1568)
2025-11-28 09:14:12,581 - Knowledge - INFO - Fast-tracked /Users/veera/Documents/kavia-backend/graphnode-backend-api/data/rdk7542/786/b4400wa/entservices-deviceanddisplay-786/Tests/L2Tests/tests/Warehouse_L2Test.cpp (ext=.cpp, size=56470)
2025-11-28 09:14:12,581 - Knowledge - INFO - Worker kw14 processing /Users/veera/Documents/kavia-backend/graphnode-backend-api/data/rdk7542/786/b4400wa/entservices-deviceanddisplay-786/PowerManager/PowerManagerImplementation.cpp
2025-11-28 09:14:12,581 - Knowledge - INFO - Worker kw15 processing /Users/veera/Documents/kavia-backend/graphnode-backend-api/data/rdk7542/786/b4400wa/entservices-deviceanddisplay-786/build_dependencies.sh
2025-11-28 09:14:12,581 - Knowledge - INFO - Worker kw13 processing /Users/veera/Documents/kavia-backend/graphnode-backend-api/data/rdk7542/786/b4400wa/entservices-deviceanddisplay-786/PowerManager/LambdaJob.h
2025-11-28 09:14:12,581 - Knowledge - INFO - Fast-tracked /Users/veera/Documents/kavia-backend/graphnode-backend-api/data/rdk7542/786/b4400wa/entservices-deviceanddisplay-786/PowerManager/LambdaJob.h (ext=.h, size=1540)
2025-11-28 09:14:12,581 - Knowledge - INFO - Fast-tracked /Users/veera/Documents/kavia-backend/graphnode-backend-api/data/rdk7542/786/b4400wa/entservices-deviceanddisplay-786/SystemServices/CHANGELOG.md (ext=.md, size=1015)
2025-11-28 09:14:12,581 - Knowledge - INFO - Worker kw2 processing /Users/veera/Documents/kavia-backend/graphnode-backend-api/data/rdk7542/786/b4400wa/entservices-deviceanddisplay-786/cmake/Findjsoncpp.cmake
2025-11-28 09:14:12,581 - Knowledge - INFO - Worker kw16 processing /Users/veera/Documents/kavia-backend/graphnode-backend-api/data/rdk7542/786/b4400wa/entservices-deviceanddisplay-786/Warehouse/README.md
2025-11-28 09:14:12,581 - Knowledge - INFO - Worker kw17 processing /Users/veera/Documents/kavia-backend/graphnode-backend-api/data/rdk7542/786/b4400wa/entservices-deviceanddisplay-786/DeviceDiagnostics/DeviceDiagnostics.h
2025-11-28 09:14:12,581 - Knowledge - INFO - Fast-tracked /Users/veera/Documents/kavia-backend/graphnode-backend-api/data/rdk7542/786/b4400wa/entservices-deviceanddisplay-786/Tests/L1Tests/tests/test_DisplayInfo.cpp (ext=.cpp, size=82570)
2025-11-28 09:14:12,581 - Knowledge - INFO - Fast-tracked /Users/veera/Documents/kavia-backend/graphnode-backend-api/data/rdk7542/786/b4400wa/entservices-deviceanddisplay-786/cmake/FindCurl.cmake (ext=.cmake, size=1002)
2025-11-28 09:14:12,581 - Knowledge - INFO - Worker kw18 processing /Users/veera/Documents/kavia-backend/graphnode-backend-api/data/rdk7542/786/b4400wa/entservices-deviceanddisplay-786/helpers/UtilsProcess.h
2025-11-28 09:14:12,582 - Knowledge - INFO - Fast-tracked /Users/veera/Documents/kavia-backend/graphnode-backend-api/data/rdk7542/786/b4400wa/entservices-deviceanddisplay-786/DisplaySettings/cmake/FindDS.cmake (ext=.cmake, size=1752)
2025-11-28 09:14:12,582 - Knowledge - INFO - Worker kw20 processing /Users/veera/Documents/kavia-backend/graphnode-backend-api/data/rdk7542/786/b4400wa/entservices-deviceanddisplay-786/helpers/WebSockets/PingPong/PingPongDisabled.h
2025-11-28 09:14:12,582 - Knowledge - INFO - Fast-tracked /Users/veera/Documents/kavia-backend/graphnode-backend-api/data/rdk7542/786/b4400wa/entservices-deviceanddisplay-786/helpers/WebSockets/Encryption/NoEncryption.h (ext=.h, size=1649)
2025-11-28 09:14:12,582 - Knowledge - INFO - Worker kw9 processing /Users/veera/Documents/kavia-backend/graphnode-backend-api/data/rdk7542/786/b4400wa/entservices-deviceanddisplay-786/FrameRate/FrameRateImplementation.h
2025-11-28 09:14:12,582 - Knowledge - INFO - Fast-tracked /Users/veera/Documents/kavia-backend/graphnode-backend-api/data/rdk7542/786/b4400wa/entservices-deviceanddisplay-786/SystemServices/TestClient/Module.h (ext=.h, size=845)
2025-11-28 09:14:12,582 - Knowledge - INFO - Worker kw12 processing /Users/veera/Documents/kavia-backend/graphnode-backend-api/data/rdk7542/786/b4400wa/entservices-deviceanddisplay-786/UserPreferences/UserPreferences.h
2025-11-28 09:14:12,582 - Knowledge - INFO - Worker kw8 processing /Users/veera/Documents/kavia-backend/graphnode-backend-api/data/rdk7542/786/b4400wa/entservices-deviceanddisplay-786/DisplayInfo/Linux/DRMConnector.h
2025-11-28 09:14:12,582 - Knowledge - INFO - Worker kw4 processing /Users/veera/Documents/kavia-backend/graphnode-backend-api/data/rdk7542/786/b4400wa/entservices-deviceanddisplay-786/Tests/L2Tests/tests/FrameRate_L2Test.cpp
2025-11-28 09:14:12,582 - Knowledge - INFO - Worker kw15 processing /Users/veera/Documents/kavia-backend/graphnode-backend-api/data/rdk7542/786/b4400wa/entservices-deviceanddisplay-786/Warehouse/Warehouse.cpp
2025-11-28 09:14:12,582 - Knowledge - INFO - Worker kw13 processing /Users/veera/Documents/kavia-backend/graphnode-backend-api/data/rdk7542/786/b4400wa/entservices-deviceanddisplay-786/PowerManager/hal/Power.h
2025-11-28 09:14:12,582 - Knowledge - INFO - Fast-tracked /Users/veera/Documents/kavia-backend/graphnode-backend-api/data/rdk7542/786/b4400wa/entservices-deviceanddisplay-786/Tests/L2Tests/tests/FrameRate_L2Test.cpp (ext=.cpp, size=34287)
2025-11-28 09:14:12,583 - Knowledge - INFO - Worker kw10 processing /Users/veera/Documents/kavia-backend/graphnode-backend-api/data/rdk7542/786/b4400wa/entservices-deviceanddisplay-786/SystemServices/SystemServices.h
2025-11-28 09:14:12,583 - Knowledge - INFO - Fast-tracked /Users/veera/Documents/kavia-backend/graphnode-backend-api/data/rdk7542/786/b4400wa/entservices-deviceanddisplay-786/cmake/Findjsoncpp.cmake (ext=.cmake, size=1853)
2025-11-28 09:14:12,583 - Knowledge - INFO - Worker kw5 processing /Users/veera/Documents/kavia-backend/graphnode-backend-api/data/rdk7542/786/b4400wa/entservices-deviceanddisplay-786/Tests/L1Tests/tests/test_PowerManagerThermalController.cpp
2025-11-28 09:14:12,583 - Knowledge - INFO - Worker kw17 processing /Users/veera/Documents/kavia-backend/graphnode-backend-api/data/rdk7542/786/b4400wa/entservices-deviceanddisplay-786/DeviceDiagnostics/README.md
2025-11-28 09:14:12,583 - Knowledge - INFO - Fast-tracked /Users/veera/Documents/kavia-backend/graphnode-backend-api/data/rdk7542/786/b4400wa/entservices-deviceanddisplay-786/Warehouse/README.md (ext=.md, size=242)
2025-11-28 09:14:12,583 - Knowledge - INFO - Worker kw3 processing /Users/veera/Documents/kavia-backend/graphnode-backend-api/data/rdk7542/786/b4400wa/entservices-deviceanddisplay-786/DisplaySettings/cmake/FindIARMBus.cmake
2025-11-28 09:14:12,583 - Knowledge - INFO - Worker kw18 processing /Users/veera/Documents/kavia-backend/graphnode-backend-api/data/rdk7542/786/b4400wa/entservices-deviceanddisplay-786/helpers/UtilsSearchRDKProfile.h
2025-11-28 09:14:12,584 - Knowledge - INFO - Worker kw19 processing /Users/veera/Documents/kavia-backend/graphnode-backend-api/data/rdk7542/786/b4400wa/entservices-deviceanddisplay-786/helpers/WebSockets/Encryption/TlsEnabled.h
2025-11-28 09:14:12,584 - Knowledge - INFO - Fast-tracked /Users/veera/Documents/kavia-backend/graphnode-backend-api/data/rdk7542/786/b4400wa/entservices-deviceanddisplay-786/helpers/WebSockets/PingPong/PingPongDisabled.h (ext=.h, size=1228)
2025-11-28 09:14:12,584 - Knowledge - INFO - Worker kw9 processing /Users/veera/Documents/kavia-backend/graphnode-backend-api/data/rdk7542/786/b4400wa/entservices-deviceanddisplay-786/FrameRate/README.md
2025-11-28 09:14:12,584 - Knowledge - INFO - Worker kw11 processing /Users/veera/Documents/kavia-backend/graphnode-backend-api/data/rdk7542/786/b4400wa/entservices-deviceanddisplay-786/SystemServices/uploadlogs.h
2025-11-28 09:14:12,584 - Knowledge - INFO - Worker kw12 processing /Users/veera/Documents/kavia-backend/graphnode-backend-api/data/rdk7542/786/b4400wa/entservices-deviceanddisplay-786/UserPreferences/UserPreferences.cpp
2025-11-28 09:14:12,586 - Knowledge - INFO - Worker kw15 processing /Users/veera/Documents/kavia-backend/graphnode-backend-api/data/rdk7542/786/b4400wa/entservices-deviceanddisplay-786/Warehouse/CMakeLists.txt
2025-11-28 09:14:12,587 - Knowledge - INFO - Worker kw14 processing /Users/veera/Documents/kavia-backend/graphnode-backend-api/data/rdk7542/786/b4400wa/entservices-deviceanddisplay-786/PowerManager/PowerManager.h
2025-11-28 09:14:12,591 - Knowledge - INFO - Fast-tracked /Users/veera/Documents/kavia-backend/graphnode-backend-api/data/rdk7542/786/b4400wa/entservices-deviceanddisplay-786/PowerManager/hal/Power.h (ext=.h, size=1487)
2025-11-28 09:14:12,593 - Knowledge - INFO - Fast-tracked /Users/veera/Documents/kavia-backend/graphnode-backend-api/data/rdk7542/786/b4400wa/entservices-deviceanddisplay-786/SystemMode/SystemMode.h (small file (2257 bytes))
2025-11-28 09:14:12,594 - Knowledge - INFO - Worker kw4 processing /Users/veera/Documents/kavia-backend/graphnode-backend-api/data/rdk7542/786/b4400wa/entservices-deviceanddisplay-786/Tests/L2Tests/tests/DisplaySettings_L2Test.cpp
2025-11-28 09:14:12,596 - Knowledge - INFO - Worker kw10 processing /Users/veera/Documents/kavia-backend/graphnode-backend-api/data/rdk7542/786/b4400wa/entservices-deviceanddisplay-786/SystemServices/Module.cpp
2025-11-28 09:14:12,597 - Knowledge - INFO - Fast-tracked /Users/veera/Documents/kavia-backend/graphnode-backend-api/data/rdk7542/786/b4400wa/entservices-deviceanddisplay-786/Tests/L1Tests/tests/test_PowerManagerThermalController.cpp (ext=.cpp, size=8912)
2025-11-28 09:14:12,599 - Knowledge - INFO - Fast-tracked /Users/veera/Documents/kavia-backend/graphnode-backend-api/data/rdk7542/786/b4400wa/entservices-deviceanddisplay-786/DeviceDiagnostics/README.md (ext=.md, size=250)
2025-11-28 09:14:12,599 - Knowledge - INFO - Worker kw16 processing /Users/veera/Documents/kavia-backend/graphnode-backend-api/data/rdk7542/786/b4400wa/entservices-deviceanddisplay-786/Warehouse/Warehouse.h
2025-11-28 09:14:12,600 - Knowledge - INFO - Fast-tracked /Users/veera/Documents/kavia-backend/graphnode-backend-api/data/rdk7542/786/b4400wa/entservices-deviceanddisplay-786/DisplaySettings/cmake/FindIARMBus.cmake (ext=.cmake, size=1584)
2025-11-28 09:14:12,600 - Knowledge - INFO - Worker kw18 processing /Users/veera/Documents/kavia-backend/graphnode-backend-api/data/rdk7542/786/b4400wa/entservices-deviceanddisplay-786/helpers/tptimer.h
2025-11-28 09:14:12,600 - Knowledge - INFO - Fast-tracked /Users/veera/Documents/kavia-backend/graphnode-backend-api/data/rdk7542/786/b4400wa/entservices-deviceanddisplay-786/DisplayInfo/cmake/FindLibDRM.cmake (small file (2059 bytes))
2025-11-28 09:14:12,600 - Knowledge - INFO - Worker kw20 processing /Users/veera/Documents/kavia-backend/graphnode-backend-api/data/rdk7542/786/b4400wa/entservices-deviceanddisplay-786/helpers/WebSockets/ConnectionInitializationResult.h
2025-11-28 09:14:12,600 - Knowledge - INFO - Worker kw19 processing /Users/veera/Documents/kavia-backend/graphnode-backend-api/data/rdk7542/786/b4400wa/entservices-deviceanddisplay-786/helpers/WebSockets/JsonRpc/Notification.h
2025-11-28 09:14:12,601 - Knowledge - INFO - Fast-tracked /Users/veera/Documents/kavia-backend/graphnode-backend-api/data/rdk7542/786/b4400wa/entservices-deviceanddisplay-786/FrameRate/README.md (ext=.md, size=183)
2025-11-28 09:14:12,602 - Knowledge - INFO - Fast-tracked /Users/veera/Documents/kavia-backend/graphnode-backend-api/data/rdk7542/786/b4400wa/entservices-deviceanddisplay-786/SystemServices/uploadlogs.h (ext=.h, size=1204)
2025-11-28 09:14:12,602 - Knowledge - INFO - Worker kw12 processing /Users/veera/Documents/kavia-backend/graphnode-backend-api/data/rdk7542/786/b4400wa/entservices-deviceanddisplay-786/UserPreferences/README.md
2025-11-28 09:14:12,602 - Knowledge - INFO - Fast-tracked /Users/veera/Documents/kavia-backend/graphnode-backend-api/data/rdk7542/786/b4400wa/entservices-deviceanddisplay-786/Warehouse/CMakeLists.txt (ext=.txt, size=3745)
2025-11-28 09:14:12,602 - Knowledge - INFO - Worker kw13 processing /Users/veera/Documents/kavia-backend/graphnode-backend-api/data/rdk7542/786/b4400wa/entservices-deviceanddisplay-786/PowerManager/hal/DeepSleepImpl.h
2025-11-28 09:14:12,602 - Knowledge - INFO - Worker kw14 processing /Users/veera/Documents/kavia-backend/graphnode-backend-api/data/rdk7542/786/b4400wa/entservices-deviceanddisplay-786/PowerManager/PowerManager.cpp
2025-11-28 09:14:12,605 - Knowledge - INFO - Fast-tracked /Users/veera/Documents/kavia-backend/graphnode-backend-api/data/rdk7542/786/b4400wa/entservices-deviceanddisplay-786/Tests/L2Tests/tests/DisplaySettings_L2Test.cpp (ext=.cpp, size=20163)
2025-11-28 09:14:12,605 - Knowledge - INFO - Fast-tracked /Users/veera/Documents/kavia-backend/graphnode-backend-api/data/rdk7542/786/b4400wa/entservices-deviceanddisplay-786/cmake/FindGStreamer.cmake (small file (2703 bytes))
2025-11-28 09:14:12,606 - Knowledge - INFO - Fast-tracked /Users/veera/Documents/kavia-backend/graphnode-backend-api/data/rdk7542/786/b4400wa/entservices-deviceanddisplay-786/SystemServices/Module.cpp (ext=.cpp, size=765)
2025-11-28 09:14:12,608 - Knowledge - INFO - Worker kw5 processing /Users/veera/Documents/kavia-backend/graphnode-backend-api/data/rdk7542/786/b4400wa/entservices-deviceanddisplay-786/Tests/L1Tests/tests/test_DeviceAudioCapabilities.cpp
2025-11-28 09:14:12,609 - Knowledge - INFO - Worker kw17 processing /Users/veera/Documents/kavia-backend/graphnode-backend-api/data/rdk7542/786/b4400wa/entservices-deviceanddisplay-786/DeviceDiagnostics/Module.h
2025-11-28 09:14:12,609 - Knowledge - INFO - Worker kw3 processing /Users/veera/Documents/kavia-backend/graphnode-backend-api/data/rdk7542/786/b4400wa/entservices-deviceanddisplay-786/DisplaySettings/CHANGELOG.md
2025-11-28 09:14:12,609 - Knowledge - INFO - Worker kw16 processing /Users/veera/Documents/kavia-backend/graphnode-backend-api/data/rdk7542/786/b4400wa/entservices-deviceanddisplay-786/Warehouse/WarehouseImplementation.cpp
2025-11-28 09:14:12,609 - Knowledge - INFO - Worker kw18 processing /Users/veera/Documents/kavia-backend/graphnode-backend-api/data/rdk7542/786/b4400wa/entservices-deviceanddisplay-786/helpers/UtilsThreadRAII.h
2025-11-28 09:14:12,609 - Knowledge - INFO - Fast-tracked /Users/veera/Documents/kavia-backend/graphnode-backend-api/data/rdk7542/786/b4400wa/entservices-deviceanddisplay-786/helpers/WebSockets/ConnectionInitializationResult.h (ext=.h, size=1319)
2025-11-28 09:14:12,610 - Knowledge - INFO - Fast-tracked /Users/veera/Documents/kavia-backend/graphnode-backend-api/data/rdk7542/786/b4400wa/entservices-deviceanddisplay-786/helpers/WebSockets/JsonRpc/Notification.h (ext=.h, size=1157)
2025-11-28 09:14:12,611 - Knowledge - INFO - Worker kw11 processing /Users/veera/Documents/kavia-backend/graphnode-backend-api/data/rdk7542/786/b4400wa/entservices-deviceanddisplay-786/SystemServices/Module.h
2025-11-28 09:14:12,614 - Knowledge - INFO - Fast-tracked /Users/veera/Documents/kavia-backend/graphnode-backend-api/data/rdk7542/786/b4400wa/entservices-deviceanddisplay-786/DisplayInfo/cmake/FindGStreamer.cmake (small file (2703 bytes))
2025-11-28 09:14:12,614 - Knowledge - INFO - Fast-tracked /Users/veera/Documents/kavia-backend/graphnode-backend-api/data/rdk7542/786/b4400wa/entservices-deviceanddisplay-786/UserPreferences/README.md (ext=.md, size=698)
2025-11-28 09:14:12,614 - Knowledge - INFO - Fast-tracked /Users/veera/Documents/kavia-backend/graphnode-backend-api/data/rdk7542/786/b4400wa/entservices-deviceanddisplay-786/DeviceInfo/Implementation/DeviceInfo.h (small file (2045 bytes))
2025-11-28 09:14:12,614 - Knowledge - INFO - Fast-tracked /Users/veera/Documents/kavia-backend/graphnode-backend-api/data/rdk7542/786/b4400wa/entservices-deviceanddisplay-786/SystemMode/SystemModeImplementation.h (small file (2890 bytes))
2025-11-28 09:14:12,615 - Knowledge - INFO - Worker kw15 processing /Users/veera/Documents/kavia-backend/graphnode-backend-api/data/rdk7542/786/b4400wa/entservices-deviceanddisplay-786/Warehouse/cmake/FindDS.cmake
2025-11-28 09:14:12,615 - Knowledge - INFO - Worker kw13 processing /Users/veera/Documents/kavia-backend/graphnode-backend-api/data/rdk7542/786/b4400wa/entservices-deviceanddisplay-786/PowerManager/hal/DeepSleep.h
2025-11-28 09:14:12,616 - Knowledge - INFO - Worker kw14 processing /Users/veera/Documents/kavia-backend/graphnode-backend-api/data/rdk7542/786/b4400wa/entservices-deviceanddisplay-786/PowerManager/DeepSleepController.cpp
2025-11-28 09:14:12,616 - Knowledge - INFO - Worker kw4 processing /Users/veera/Documents/kavia-backend/graphnode-backend-api/data/rdk7542/786/b4400wa/entservices-deviceanddisplay-786/Tests/L2Tests/tests/DeviceDiagnostics_L2Test.cpp
2025-11-28 09:14:12,618 - Knowledge - INFO - Worker kw10 processing /Users/veera/Documents/kavia-backend/graphnode-backend-api/data/rdk7542/786/b4400wa/entservices-deviceanddisplay-786/SystemServices/uploadlogs.cpp
2025-11-28 09:14:12,618 - Knowledge - INFO - Fast-tracked /Users/veera/Documents/kavia-backend/graphnode-backend-api/data/rdk7542/786/b4400wa/entservices-deviceanddisplay-786/cmake/FindNEXUS.cmake (small file (2835 bytes))
2025-11-28 09:14:12,622 - Knowledge - INFO - Fast-tracked /Users/veera/Documents/kavia-backend/graphnode-backend-api/data/rdk7542/786/b4400wa/entservices-deviceanddisplay-786/Tests/L1Tests/tests/test_DeviceAudioCapabilities.cpp (ext=.cpp, size=10384)
2025-11-28 09:14:12,622 - Knowledge - INFO - Fast-tracked /Users/veera/Documents/kavia-backend/graphnode-backend-api/data/rdk7542/786/b4400wa/entservices-deviceanddisplay-786/DeviceDiagnostics/Module.h (ext=.h, size=881)
2025-11-28 09:14:12,622 - Knowledge - INFO - Fast-tracked /Users/veera/Documents/kavia-backend/graphnode-backend-api/data/rdk7542/786/b4400wa/entservices-deviceanddisplay-786/DisplayInfo/DisplayInfoTracing.h (small file (2181 bytes))
2025-11-28 09:14:12,623 - Knowledge - INFO - Fast-tracked /Users/veera/Documents/kavia-backend/graphnode-backend-api/data/rdk7542/786/b4400wa/entservices-deviceanddisplay-786/DisplaySettings/CHANGELOG.md (ext=.md, size=1015)
2025-11-28 09:14:12,623 - Knowledge - INFO - Worker kw16 processing /Users/veera/Documents/kavia-backend/graphnode-backend-api/data/rdk7542/786/b4400wa/entservices-deviceanddisplay-786/Warehouse/WarehouseImplementation.h
2025-11-28 09:14:12,623 - Knowledge - INFO - Fast-tracked /Users/veera/Documents/kavia-backend/graphnode-backend-api/data/rdk7542/786/b4400wa/entservices-deviceanddisplay-786/helpers/UtilsThreadRAII.h (ext=.h, size=1417)
2025-11-28 09:14:12,623 - Knowledge - INFO - Worker kw20 processing /Users/veera/Documents/kavia-backend/graphnode-backend-api/data/rdk7542/786/b4400wa/entservices-deviceanddisplay-786/helpers/WebSockets/WSEndpoint.h
2025-11-28 09:14:12,623 - Knowledge - INFO - Worker kw19 processing /Users/veera/Documents/kavia-backend/graphnode-backend-api/data/rdk7542/786/b4400wa/entservices-deviceanddisplay-786/helpers/WebSockets/JsonRpc/Response.h
2025-11-28 09:14:12,624 - Knowledge - INFO - Fast-tracked /Users/veera/Documents/kavia-backend/graphnode-backend-api/data/rdk7542/786/b4400wa/entservices-deviceanddisplay-786/SystemServices/Module.h (ext=.h, size=878)
2025-11-28 09:14:12,626 - Knowledge - INFO - Worker kw12 processing /Users/veera/Documents/kavia-backend/graphnode-backend-api/data/rdk7542/786/b4400wa/entservices-deviceanddisplay-786/UserPreferences/Module.h
2025-11-28 09:14:12,626 - Knowledge - INFO - Fast-tracked /Users/veera/Documents/kavia-backend/graphnode-backend-api/data/rdk7542/786/b4400wa/entservices-deviceanddisplay-786/DisplayInfo/cmake/FindNEXUS.cmake (small file (2835 bytes))
2025-11-28 09:14:12,628 - Knowledge - INFO - Fast-tracked /Users/veera/Documents/kavia-backend/graphnode-backend-api/data/rdk7542/786/b4400wa/entservices-deviceanddisplay-786/Warehouse/cmake/FindDS.cmake (ext=.cmake, size=1752)
2025-11-28 09:14:12,628 - Knowledge - INFO - Fast-tracked /Users/veera/Documents/kavia-backend/graphnode-backend-api/data/rdk7542/786/b4400wa/entservices-deviceanddisplay-786/cmake/FindAamp.cmake (small file (2167 bytes))
2025-11-28 09:14:12,629 - Knowledge - INFO - Fast-tracked /Users/veera/Documents/kavia-backend/graphnode-backend-api/data/rdk7542/786/b4400wa/entservices-deviceanddisplay-786/PowerManager/hal/DeepSleep.h (ext=.h, size=1408)
2025-11-28 09:14:12,630 - Knowledge - INFO - Fast-tracked /Users/veera/Documents/kavia-backend/graphnode-backend-api/data/rdk7542/786/b4400wa/entservices-deviceanddisplay-786/Tests/L2Tests/tests/DeviceDiagnostics_L2Test.cpp (ext=.cpp, size=27569)
2025-11-28 09:14:12,630 - Knowledge - INFO - Fast-tracked /Users/veera/Documents/kavia-backend/graphnode-backend-api/data/rdk7542/786/b4400wa/entservices-deviceanddisplay-786/DisplayInfo/DeviceSettings/RPI/kms.h (small file (3053 bytes))
2025-11-28 09:14:12,632 - Knowledge - INFO - Worker kw10 processing /Users/veera/Documents/kavia-backend/graphnode-backend-api/data/rdk7542/786/b4400wa/entservices-deviceanddisplay-786/SystemServices/platformcaps/platformcapsdata.h
2025-11-28 09:14:12,635 - Knowledge - INFO - Fast-tracked /Users/veera/Documents/kavia-backend/graphnode-backend-api/data/rdk7542/786/b4400wa/entservices-deviceanddisplay-786/cmake/FindGStreamerVideo.cmake (small file (2892 bytes))
2025-11-28 09:14:12,635 - Knowledge - INFO - Worker kw5 processing /Users/veera/Documents/kavia-backend/graphnode-backend-api/data/rdk7542/786/b4400wa/entservices-deviceanddisplay-786/Tests/L1Tests/tests/test_SystemServices.cpp
2025-11-28 09:14:12,636 - Knowledge - INFO - Worker kw17 processing /Users/veera/Documents/kavia-backend/graphnode-backend-api/data/rdk7542/786/b4400wa/entservices-deviceanddisplay-786/DeviceDiagnostics/DeviceDiagnostics.cpp
2025-11-28 09:14:12,637 - Knowledge - INFO - Worker kw3 processing /Users/veera/Documents/kavia-backend/graphnode-backend-api/data/rdk7542/786/b4400wa/entservices-deviceanddisplay-786/DisplaySettings/Module.cpp
2025-11-28 09:14:12,637 - Knowledge - INFO - Worker kw16 processing /Users/veera/Documents/kavia-backend/graphnode-backend-api/data/rdk7542/786/b4400wa/entservices-deviceanddisplay-786/Warehouse/Module.h
2025-11-28 09:14:12,637 - Knowledge - INFO - Worker kw18 processing /Users/veera/Documents/kavia-backend/graphnode-backend-api/data/rdk7542/786/b4400wa/entservices-deviceanddisplay-786/helpers/UtilsCStr.h
2025-11-28 09:14:12,637 - Knowledge - INFO - Worker kw20 processing /Users/veera/Documents/kavia-backend/graphnode-backend-api/data/rdk7542/786/b4400wa/entservices-deviceanddisplay-786/helpers/WebSockets/WSEndpoint.cpp
2025-11-28 09:14:12,637 - Knowledge - INFO - Fast-tracked /Users/veera/Documents/kavia-backend/graphnode-backend-api/data/rdk7542/786/b4400wa/entservices-deviceanddisplay-786/helpers/WebSockets/JsonRpc/Response.h (ext=.h, size=1276)
2025-11-28 09:14:12,637 - Knowledge - INFO - Fast-tracked /Users/veera/Documents/kavia-backend/graphnode-backend-api/data/rdk7542/786/b4400wa/entservices-deviceanddisplay-786/UserPreferences/Module.h (ext=.h, size=879)
2025-11-28 09:14:12,638 - Knowledge - INFO - Worker kw13 processing /Users/veera/Documents/kavia-backend/graphnode-backend-api/data/rdk7542/786/b4400wa/entservices-deviceanddisplay-786/PowerManager/hal/ThermalImpl.h
2025-11-28 09:14:12,638 - Knowledge - INFO - Fast-tracked /Users/veera/Documents/kavia-backend/graphnode-backend-api/data/rdk7542/786/b4400wa/entservices-deviceanddisplay-786/DisplayInfo/cmake/FindBCM_HOST.cmake (small file (2134 bytes))
2025-11-28 09:14:12,638 - Knowledge - INFO - Worker kw4 processing /Users/veera/Documents/kavia-backend/graphnode-backend-api/data/rdk7542/786/b4400wa/entservices-deviceanddisplay-786/Tests/L2Tests/tests/PowerManager_L2Test.cpp
2025-11-28 09:14:12,642 - Knowledge - INFO - Worker kw10 processing /Users/veera/Documents/kavia-backend/graphnode-backend-api/data/rdk7542/786/b4400wa/entservices-deviceanddisplay-786/SystemServices/platformcaps/platformcapsdata.cpp
2025-11-28 09:14:12,644 - Knowledge - INFO - Fast-tracked /Users/veera/Documents/kavia-backend/graphnode-backend-api/data/rdk7542/786/b4400wa/entservices-deviceanddisplay-786/cmake/FindBCM_HOST.cmake (small file (2134 bytes))
2025-11-28 09:14:12,645 - Knowledge - INFO - Fast-tracked /Users/veera/Documents/kavia-backend/graphnode-backend-api/data/rdk7542/786/b4400wa/entservices-deviceanddisplay-786/Tests/L1Tests/tests/test_SystemServices.cpp (ext=.cpp, size=309675)
2025-11-28 09:14:12,653 - Knowledge - INFO - Worker kw17 processing /Users/veera/Documents/kavia-backend/graphnode-backend-api/data/rdk7542/786/b4400wa/entservices-deviceanddisplay-786/helpers/UtilsJsonRpc.h
2025-11-28 09:14:12,654 - Knowledge - INFO - Fast-tracked /Users/veera/Documents/kavia-backend/graphnode-backend-api/data/rdk7542/786/b4400wa/entservices-deviceanddisplay-786/DisplaySettings/Module.cpp (ext=.cpp, size=765)
2025-11-28 09:14:12,654 - Knowledge - INFO - Fast-tracked /Users/veera/Documents/kavia-backend/graphnode-backend-api/data/rdk7542/786/b4400wa/entservices-deviceanddisplay-786/SystemServices/platformcaps/platformcaps.h (small file (2760 bytes))
2025-11-28 09:14:12,655 - Knowledge - INFO - Fast-tracked /Users/veera/Documents/kavia-backend/graphnode-backend-api/data/rdk7542/786/b4400wa/entservices-deviceanddisplay-786/Warehouse/Module.h (ext=.h, size=873)
2025-11-28 09:14:12,662 - Knowledge - INFO - Fast-tracked /Users/veera/Documents/kavia-backend/graphnode-backend-api/data/rdk7542/786/b4400wa/entservices-deviceanddisplay-786/helpers/UtilsCStr.h (ext=.h, size=746)
2025-11-28 09:14:12,663 - Knowledge - INFO - Worker kw20 processing /Users/veera/Documents/kavia-backend/graphnode-backend-api/data/rdk7542/786/b4400wa/entservices-deviceanddisplay-786/helpers/UtilsisValidInt.h
2025-11-28 09:14:12,663 - Knowledge - INFO - Worker kw19 processing /Users/veera/Documents/kavia-backend/graphnode-backend-api/data/rdk7542/786/b4400wa/entservices-deviceanddisplay-786/helpers/WebSockets/JsonRpc/Notification.cpp
2025-11-28 09:14:12,664 - Knowledge - INFO - Worker kw12 processing /Users/veera/Documents/kavia-backend/graphnode-backend-api/data/rdk7542/786/b4400wa/entservices-deviceanddisplay-786/PowerManager/ThermalController.h
2025-11-28 09:14:12,664 - Knowledge - INFO - Worker kw13 processing /Users/veera/Documents/kavia-backend/graphnode-backend-api/data/rdk7542/786/b4400wa/entservices-deviceanddisplay-786/PowerManager/hal/ThermalMfrImpl.h
2025-11-28 09:14:12,665 - Knowledge - INFO - Worker kw5 processing /Users/veera/Documents/kavia-backend/graphnode-backend-api/data/rdk7542/786/b4400wa/entservices-deviceanddisplay-786/Tests/L1Tests/tests/test_UserPreferences.cpp
2025-11-28 09:14:12,665 - Knowledge - INFO - Fast-tracked /Users/veera/Documents/kavia-backend/graphnode-backend-api/data/rdk7542/786/b4400wa/entservices-deviceanddisplay-786/Tests/L2Tests/tests/PowerManager_L2Test.cpp (ext=.cpp, size=66131)
2025-11-28 09:14:12,665 - Knowledge - INFO - Worker kw17 processing /Users/veera/Documents/kavia-backend/graphnode-backend-api/data/rdk7542/786/b4400wa/entservices-deviceanddisplay-786/helpers/frontpanel.h
2025-11-28 09:14:12,665 - Knowledge - INFO - Worker kw3 processing /Users/veera/Documents/kavia-backend/graphnode-backend-api/data/rdk7542/786/b4400wa/entservices-deviceanddisplay-786/DisplaySettings/README.md
2025-11-28 09:14:12,665 - Knowledge - INFO - Worker kw16 processing /Users/veera/Documents/kavia-backend/graphnode-backend-api/data/rdk7542/786/b4400wa/entservices-deviceanddisplay-786/DeviceDiagnostics/CMakeLists.txt
2025-11-28 09:14:12,666 - Knowledge - INFO - Worker kw18 processing /Users/veera/Documents/kavia-backend/graphnode-backend-api/data/rdk7542/786/b4400wa/entservices-deviceanddisplay-786/helpers/WebSockets/CommunicationInterface/CommandInterface.h
2025-11-28 09:14:12,666 - Knowledge - INFO - Fast-tracked /Users/veera/Documents/kavia-backend/graphnode-backend-api/data/rdk7542/786/b4400wa/entservices-deviceanddisplay-786/helpers/UtilsisValidInt.h (ext=.h, size=1601)
2025-11-28 09:14:12,666 - Knowledge - INFO - Fast-tracked /Users/veera/Documents/kavia-backend/graphnode-backend-api/data/rdk7542/786/b4400wa/entservices-deviceanddisplay-786/helpers/WebSockets/JsonRpc/Notification.cpp (ext=.cpp, size=1518)
2025-11-28 09:14:12,666 - Knowledge - INFO - Fast-tracked /Users/veera/Documents/kavia-backend/graphnode-backend-api/data/rdk7542/786/b4400wa/entservices-deviceanddisplay-786/Tests/L1Tests/tests/test_UserPreferences.cpp (ext=.cpp, size=4730)
2025-11-28 09:14:12,667 - Knowledge - INFO - Worker kw4 processing /Users/veera/Documents/kavia-backend/graphnode-backend-api/data/rdk7542/786/b4400wa/entservices-deviceanddisplay-786/Tests/clang.cmake
2025-11-28 09:14:12,667 - Knowledge - INFO - Fast-tracked /Users/veera/Documents/kavia-backend/graphnode-backend-api/data/rdk7542/786/b4400wa/entservices-deviceanddisplay-786/PowerManager/RebootController.h (small file (2709 bytes))
2025-11-28 09:14:12,667 - Knowledge - INFO - Worker kw17 processing /Users/veera/Documents/kavia-backend/graphnode-backend-api/data/rdk7542/786/b4400wa/entservices-deviceanddisplay-786/helpers/PowerManagerInterface.h
2025-11-28 09:14:12,667 - Knowledge - INFO - Fast-tracked /Users/veera/Documents/kavia-backend/graphnode-backend-api/data/rdk7542/786/b4400wa/entservices-deviceanddisplay-786/DisplaySettings/README.md (ext=.md, size=914)
2025-11-28 09:14:12,667 - Knowledge - INFO - Fast-tracked /Users/veera/Documents/kavia-backend/graphnode-backend-api/data/rdk7542/786/b4400wa/entservices-deviceanddisplay-786/DeviceDiagnostics/CMakeLists.txt (ext=.txt, size=2864)
2025-11-28 09:14:12,667 - Knowledge - INFO - Worker kw20 processing /Users/veera/Documents/kavia-backend/graphnode-backend-api/data/rdk7542/786/b4400wa/entservices-deviceanddisplay-786/helpers/UtilsTelemetry.h
2025-11-28 09:14:12,667 - Knowledge - INFO - Worker kw18 processing /Users/veera/Documents/kavia-backend/graphnode-backend-api/data/rdk7542/786/b4400wa/entservices-deviceanddisplay-786/helpers/WebSockets/CommunicationInterface/JsonRpcInterface.h
2025-11-28 09:14:12,667 - Knowledge - INFO - Worker kw19 processing /Users/veera/Documents/kavia-backend/graphnode-backend-api/data/rdk7542/786/b4400wa/entservices-deviceanddisplay-786/helpers/WebSockets/JsonRpc/Request.cpp
2025-11-28 09:14:12,667 - Knowledge - INFO - Worker kw5 processing /Users/veera/Documents/kavia-backend/graphnode-backend-api/data/rdk7542/786/b4400wa/entservices-deviceanddisplay-786/Tests/L1Tests/tests/test_DeviceInfo.cpp
2025-11-28 09:14:12,668 - Knowledge - INFO - Fast-tracked /Users/veera/Documents/kavia-backend/graphnode-backend-api/data/rdk7542/786/b4400wa/entservices-deviceanddisplay-786/Tests/clang.cmake (ext=.cmake, size=1339)
2025-11-28 09:14:12,675 - Knowledge - INFO - Fast-tracked /Users/veera/Documents/kavia-backend/graphnode-backend-api/data/rdk7542/786/b4400wa/entservices-deviceanddisplay-786/helpers/PowerManagerInterface.h (ext=.h, size=1006)
2025-11-28 09:14:12,679 - Knowledge - INFO - Worker kw3 processing /Users/veera/Documents/kavia-backend/graphnode-backend-api/data/rdk7542/786/b4400wa/entservices-deviceanddisplay-786/DisplaySettings/DisplaySettings.cpp
2025-11-28 09:14:12,685 - Knowledge - INFO - Worker kw16 processing /Users/veera/Documents/kavia-backend/graphnode-backend-api/data/rdk7542/786/b4400wa/entservices-deviceanddisplay-786/DeviceDiagnostics/DeviceDiagnosticsImplementation.h
2025-11-28 09:14:12,689 - Knowledge - INFO - Fast-tracked /Users/veera/Documents/kavia-backend/graphnode-backend-api/data/rdk7542/786/b4400wa/entservices-deviceanddisplay-786/helpers/UtilsTelemetry.h (ext=.h, size=1892)
2025-11-28 09:14:12,693 - Knowledge - INFO - Fast-tracked /Users/veera/Documents/kavia-backend/graphnode-backend-api/data/rdk7542/786/b4400wa/entservices-deviceanddisplay-786/helpers/WebSockets/JsonRpc/Request.cpp (ext=.cpp, size=1781)
2025-11-28 09:14:12,694 - Knowledge - INFO - Fast-tracked /Users/veera/Documents/kavia-backend/graphnode-backend-api/data/rdk7542/786/b4400wa/entservices-deviceanddisplay-786/SystemServices/cTimer.cpp (small file (2214 bytes))
2025-11-28 09:14:12,695 - Knowledge - INFO - Fast-tracked /Users/veera/Documents/kavia-backend/graphnode-backend-api/data/rdk7542/786/b4400wa/entservices-deviceanddisplay-786/Tests/L1Tests/tests/test_DeviceInfo.cpp (ext=.cpp, size=2716)
2025-11-28 09:14:12,699 - Knowledge - INFO - Fast-tracked /Users/veera/Documents/kavia-backend/graphnode-backend-api/data/rdk7542/786/b4400wa/entservices-deviceanddisplay-786/DisplaySettings/DisplaySettings.cpp (ext=.cpp, size=267272)
2025-11-28 09:14:12,706 - Knowledge - INFO - Worker kw20 processing /Users/veera/Documents/kavia-backend/graphnode-backend-api/data/rdk7542/786/b4400wa/entservices-deviceanddisplay-786/helpers/UtilsgetFileContent.h
2025-11-28 09:14:12,707 - Knowledge - INFO - Worker kw19 processing /Users/veera/Documents/kavia-backend/graphnode-backend-api/data/rdk7542/786/b4400wa/entservices-deviceanddisplay-786/helpers/WebSockets/JsonRpc/Response.cpp
2025-11-28 09:14:12,710 - Knowledge - INFO - Worker kw5 processing /Users/veera/Documents/kavia-backend/graphnode-backend-api/data/rdk7542/786/b4400wa/entservices-deviceanddisplay-786/Tests/L1Tests/tests/test_Warehouse.cpp
2025-11-28 09:14:12,734 - Knowledge - INFO - Worker kw20 processing /Users/veera/Documents/kavia-backend/graphnode-backend-api/data/rdk7542/786/b4400wa/entservices-deviceanddisplay-786/helpers/UtilsLogging.h
2025-11-28 09:14:12,736 - Knowledge - INFO - Worker kw19 processing /Users/veera/Documents/kavia-backend/graphnode-backend-api/data/rdk7542/786/b4400wa/entservices-deviceanddisplay-786/helpers/WebSockets/JsonRpc/Request.h
2025-11-28 09:14:12,737 - Knowledge - INFO - Fast-tracked /Users/veera/Documents/kavia-backend/graphnode-backend-api/data/rdk7542/786/b4400wa/entservices-deviceanddisplay-786/helpers/WebSockets/JsonRpc/Request.h (ext=.h, size=1283)
2025-11-28 09:14:12,737 - Knowledge - INFO - Worker kw19 processing /Users/veera/Documents/kavia-backend/graphnode-backend-api/data/rdk7542/786/b4400wa/entservices-deviceanddisplay-786/helpers/WebSockets/Roles/Client.h
2025-11-28 09:14:12,738 - Knowledge - INFO - Fast-tracked /Users/veera/Documents/kavia-backend/graphnode-backend-api/data/rdk7542/786/b4400wa/entservices-deviceanddisplay-786/Tests/L1Tests/tests/test_Warehouse.cpp (ext=.cpp, size=20519)
2025-11-28 09:14:12,738 - Knowledge - INFO - Fast-tracked /Users/veera/Documents/kavia-backend/graphnode-backend-api/data/rdk7542/786/b4400wa/entservices-deviceanddisplay-786/helpers/UtilsLogging.h (ext=.h, size=1834)
2025-11-28 09:14:12,777 - Knowledge - INFO - Processing batch of 15 files
2025-11-28 09:14:12,778 - Knowledge - INFO - process ingested knowledge for /Users/veera/Documents/kavia-backend/graphnode-backend-api/data/rdk7542/786/b4400wa/entservices-deviceanddisplay-786/cmake/FindIARMBus.cmake
2025-11-28 09:14:12,779 - Knowledge - INFO - process ingested knowledge for /Users/veera/Documents/kavia-backend/graphnode-backend-api/data/rdk7542/786/b4400wa/entservices-deviceanddisplay-786/cmake/FindRDKStorageManager.cmake
2025-11-28 09:14:12,792 - Knowledge - INFO - process ingested knowledge for /Users/veera/Documents/kavia-backend/graphnode-backend-api/data/rdk7542/786/b4400wa/entservices-deviceanddisplay-786/cmake/FindCEC.cmake
2025-11-28 09:14:12,800 - Knowledge - INFO - Fast-tracked /Users/veera/Documents/kavia-backend/graphnode-backend-api/data/rdk7542/786/b4400wa/entservices-deviceanddisplay-786/SystemServices/thermonitor.h (small file (2003 bytes))
2025-11-28 09:14:12,801 - Knowledge - INFO - process ingested knowledge for /Users/veera/Documents/kavia-backend/graphnode-backend-api/data/rdk7542/786/b4400wa/entservices-deviceanddisplay-786/cmake/FindAC.cmake
2025-11-28 09:14:12,823 - Knowledge - INFO - process ingested knowledge for /Users/veera/Documents/kavia-backend/graphnode-backend-api/data/rdk7542/786/b4400wa/entservices-deviceanddisplay-786/cmake/FindRFC.cmake
2025-11-28 09:14:12,830 - Knowledge - INFO - process ingested knowledge for /Users/veera/Documents/kavia-backend/graphnode-backend-api/data/rdk7542/786/b4400wa/entservices-deviceanddisplay-786/cmake/FindLibSoup.cmake
2025-11-28 09:14:12,832 - Knowledge - INFO - process ingested knowledge for /Users/veera/Documents/kavia-backend/graphnode-backend-api/data/rdk7542/786/b4400wa/entservices-deviceanddisplay-786/cmake/FindNXCLIENT.cmake
2025-11-28 09:14:12,843 - Knowledge - INFO - process ingested knowledge for /Users/veera/Documents/kavia-backend/graphnode-backend-api/data/rdk7542/786/b4400wa/entservices-deviceanddisplay-786/CHANGELOG.md
2025-11-28 09:14:12,850 - Knowledge - INFO - process ingested knowledge for /Users/veera/Documents/kavia-backend/graphnode-backend-api/data/rdk7542/786/b4400wa/entservices-deviceanddisplay-786/DisplaySettings/CMakeLists.txt
2025-11-28 09:14:12,852 - Knowledge - INFO - process ingested knowledge for /Users/veera/Documents/kavia-backend/graphnode-backend-api/data/rdk7542/786/b4400wa/entservices-deviceanddisplay-786/DisplaySettings/cmake/FindDS.cmake
2025-11-28 09:14:12,868 - Knowledge - INFO - process ingested knowledge for /Users/veera/Documents/kavia-backend/graphnode-backend-api/data/rdk7542/786/b4400wa/entservices-deviceanddisplay-786/DisplaySettings/cmake/FindIARMBus.cmake
2025-11-28 09:14:12,869 - Knowledge - INFO - process ingested knowledge for /Users/veera/Documents/kavia-backend/graphnode-backend-api/data/rdk7542/786/b4400wa/entservices-deviceanddisplay-786/DisplaySettings/CHANGELOG.md
2025-11-28 09:14:12,870 - Knowledge - INFO - process ingested knowledge for /Users/veera/Documents/kavia-backend/graphnode-backend-api/data/rdk7542/786/b4400wa/entservices-deviceanddisplay-786/DisplaySettings/Module.cpp
2025-11-28 09:14:12,874 - Knowledge - INFO - Fast-tracked /Users/veera/Documents/kavia-backend/graphnode-backend-api/data/rdk7542/786/b4400wa/entservices-deviceanddisplay-786/helpers/UtilsProcess.h (small file (2699 bytes))
2025-11-28 09:14:12,889 - Knowledge - INFO - process ingested knowledge for /Users/veera/Documents/kavia-backend/graphnode-backend-api/data/rdk7542/786/b4400wa/entservices-deviceanddisplay-786/DisplaySettings/README.md
2025-11-28 09:14:12,892 - Knowledge - INFO - Fast-tracked /Users/veera/Documents/kavia-backend/graphnode-backend-api/data/rdk7542/786/b4400wa/entservices-deviceanddisplay-786/helpers/WebSockets/JsonRpc/Response.cpp (small file (2421 bytes))
2025-11-28 09:14:12,892 - Knowledge - INFO - process ingested knowledge for /Users/veera/Documents/kavia-backend/graphnode-backend-api/data/rdk7542/786/b4400wa/entservices-deviceanddisplay-786/DisplaySettings/DisplaySettings.cpp
2025-11-28 09:14:12,893 - Knowledge - INFO - Fast-tracked /Users/veera/Documents/kavia-backend/graphnode-backend-api/data/rdk7542/786/b4400wa/entservices-deviceanddisplay-786/helpers/UtilsSearchRDKProfile.h (small file (2043 bytes))
2025-11-28 09:14:12,901 - Knowledge - INFO - Fast-tracked /Users/veera/Documents/kavia-backend/graphnode-backend-api/data/rdk7542/786/b4400wa/entservices-deviceanddisplay-786/helpers/WebSockets/Roles/Client.h (small file (2756 bytes))
2025-11-28 09:14:13,026 - Knowledge - INFO - Fast-tracked /Users/veera/Documents/kavia-backend/graphnode-backend-api/data/rdk7542/786/b4400wa/entservices-deviceanddisplay-786/helpers/WebSockets/CommunicationInterface/CommandInterface.h (small file (2143 bytes))
2025-11-28 09:14:13,071 - Knowledge - INFO - Fast-tracked /Users/veera/Documents/kavia-backend/graphnode-backend-api/data/rdk7542/786/b4400wa/entservices-deviceanddisplay-786/helpers/WebSockets/WSEndpoint.h (small file (2873 bytes))
2025-11-28 09:14:13,367 - Knowledge - INFO - Processing batch of 15 files
2025-11-28 09:14:13,367 - Knowledge - INFO - process ingested knowledge for /Users/veera/Documents/kavia-backend/graphnode-backend-api/data/rdk7542/786/b4400wa/entservices-deviceanddisplay-786/Tests/README.md
2025-11-28 09:14:13,415 - Knowledge - INFO - process ingested knowledge for /Users/veera/Documents/kavia-backend/graphnode-backend-api/data/rdk7542/786/b4400wa/entservices-deviceanddisplay-786/Tests/L1Tests/CMakeLists.txt
2025-11-28 09:14:13,458 - Knowledge - INFO - process ingested knowledge for /Users/veera/Documents/kavia-backend/graphnode-backend-api/data/rdk7542/786/b4400wa/entservices-deviceanddisplay-786/Tests/L1Tests/tests/test_DeviceInfoWeb.cpp
2025-11-28 09:14:13,459 - Knowledge - INFO - process ingested knowledge for /Users/veera/Documents/kavia-backend/graphnode-backend-api/data/rdk7542/786/b4400wa/entservices-deviceanddisplay-786/Tests/L1Tests/tests/test_FirmwareVersion.cpp
2025-11-28 09:14:13,460 - Knowledge - INFO - process ingested knowledge for /Users/veera/Documents/kavia-backend/graphnode-backend-api/data/rdk7542/786/b4400wa/entservices-deviceanddisplay-786/Tests/L1Tests/tests/test_PowerManagerSettings.cpp
2025-11-28 09:14:13,467 - Knowledge - INFO - process ingested knowledge for /Users/veera/Documents/kavia-backend/graphnode-backend-api/data/rdk7542/786/b4400wa/entservices-deviceanddisplay-786/Tests/L1Tests/tests/test_DeviceDiagnostics.cpp
2025-11-28 09:14:13,467 - Knowledge - INFO - process ingested knowledge for /Users/veera/Documents/kavia-backend/graphnode-backend-api/data/rdk7542/786/b4400wa/entservices-deviceanddisplay-786/Tests/L1Tests/tests/test_PowerManager.cpp
2025-11-28 09:14:13,467 - Knowledge - INFO - process ingested knowledge for /Users/veera/Documents/kavia-backend/graphnode-backend-api/data/rdk7542/786/b4400wa/entservices-deviceanddisplay-786/Tests/L1Tests/tests/test_FrameRate.cpp
2025-11-28 09:14:13,467 - Knowledge - INFO - process ingested knowledge for /Users/veera/Documents/kavia-backend/graphnode-backend-api/data/rdk7542/786/b4400wa/entservices-deviceanddisplay-786/Tests/L1Tests/tests/test_DisplayInfo.cpp
2025-11-28 09:14:13,467 - Knowledge - INFO - process ingested knowledge for /Users/veera/Documents/kavia-backend/graphnode-backend-api/data/rdk7542/786/b4400wa/entservices-deviceanddisplay-786/Tests/L1Tests/tests/test_PowerManagerThermalController.cpp
2025-11-28 09:14:13,467 - Knowledge - INFO - process ingested knowledge for /Users/veera/Documents/kavia-backend/graphnode-backend-api/data/rdk7542/786/b4400wa/entservices-deviceanddisplay-786/Tests/L1Tests/tests/test_DeviceAudioCapabilities.cpp
2025-11-28 09:14:13,467 - Knowledge - INFO - process ingested knowledge for /Users/veera/Documents/kavia-backend/graphnode-backend-api/data/rdk7542/786/b4400wa/entservices-deviceanddisplay-786/Tests/L1Tests/tests/test_SystemServices.cpp
2025-11-28 09:14:13,467 - Knowledge - INFO - process ingested knowledge for /Users/veera/Documents/kavia-backend/graphnode-backend-api/data/rdk7542/786/b4400wa/entservices-deviceanddisplay-786/Tests/L1Tests/tests/test_UserPreferences.cpp
2025-11-28 09:14:13,467 - Knowledge - INFO - process ingested knowledge for /Users/veera/Documents/kavia-backend/graphnode-backend-api/data/rdk7542/786/b4400wa/entservices-deviceanddisplay-786/Tests/L1Tests/tests/test_DeviceInfo.cpp
2025-11-28 09:14:13,467 - Knowledge - INFO - process ingested knowledge for /Users/veera/Documents/kavia-backend/graphnode-backend-api/data/rdk7542/786/b4400wa/entservices-deviceanddisplay-786/Tests/L1Tests/tests/test_Warehouse.cpp
2025-11-28 09:14:14,585 - Knowledge - INFO - [WEBSOCKET] Sent: Type=progress_update, Size: 271, Duration: 0ms
2025-11-28 09:14:14,606 - Knowledge - INFO - [WEBSOCKET] Sent: Type=unknown, Size: ?, Duration: 21ms
2025-11-28 09:14:14,607 - Knowledge - INFO - Progress: 11.8% | Files: 30/255 | Rate: 7.96 files/sec | Queue: 14
2025-11-28 09:14:14,607 - Knowledge - INFO - [kw3] Queue=14, InProgress=0, PendingWorkers=20/20, Completed=30/255 (11.8%)
2025-11-28 09:14:14,607 - Knowledge - INFO - Batch sizing: calculated=10, max_allowed=25, queue=14, active_workers=20/20
2025-11-28 09:14:14,608 - Knowledge - INFO - Async storing batch of 15 embeddings
2025-11-28 09:14:14,608 - Knowledge - INFO - Worker kw3 processing /Users/veera/Documents/kavia-backend/graphnode-backend-api/data/rdk7542/786/b4400wa/entservices-deviceanddisplay-786/helpers/UtilsIarm.h
2025-11-28 09:14:14,609 - Knowledge - INFO - Worker kw3 processing /Users/veera/Documents/kavia-backend/graphnode-backend-api/data/rdk7542/786/b4400wa/entservices-deviceanddisplay-786/helpers/UtilsLOG_MILESTONE.h
2025-11-28 09:14:14,609 - Knowledge - INFO - Fast-tracked /Users/veera/Documents/kavia-backend/graphnode-backend-api/data/rdk7542/786/b4400wa/entservices-deviceanddisplay-786/helpers/UtilsLOG_MILESTONE.h (ext=.h, size=810)
2025-11-28 09:14:14,609 - Knowledge - INFO - Worker kw3 processing /Users/veera/Documents/kavia-backend/graphnode-backend-api/data/rdk7542/786/b4400wa/entservices-deviceanddisplay-786/helpers/frontpanel.cpp
2025-11-28 09:14:14,609 - Knowledge - INFO - Worker kw3 processing /Users/veera/Documents/kavia-backend/graphnode-backend-api/data/rdk7542/786/b4400wa/entservices-deviceanddisplay-786/helpers/UtilsInputValidator.h
2025-11-28 09:14:14,609 - Knowledge - INFO - Worker kw3 processing /Users/veera/Documents/kavia-backend/graphnode-backend-api/data/rdk7542/786/b4400wa/entservices-deviceanddisplay-786/helpers/PluginInterfaceBuilder.h
2025-11-28 09:14:14,610 - Knowledge - INFO - Worker kw3 processing /Users/veera/Documents/kavia-backend/graphnode-backend-api/data/rdk7542/786/b4400wa/entservices-deviceanddisplay-786/helpers/UtilsSynchro.hpp
2025-11-28 09:14:14,610 - Knowledge - INFO - Worker kw3 processing /Users/veera/Documents/kavia-backend/graphnode-backend-api/data/rdk7542/786/b4400wa/entservices-deviceanddisplay-786/helpers/UtilsgetRFCConfig.h
2025-11-28 09:14:14,610 - Knowledge - INFO - Fast-tracked /Users/veera/Documents/kavia-backend/graphnode-backend-api/data/rdk7542/786/b4400wa/entservices-deviceanddisplay-786/helpers/UtilsgetRFCConfig.h (ext=.h, size=1043)
2025-11-28 09:14:14,610 - Knowledge - INFO - Worker kw3 processing /Users/veera/Documents/kavia-backend/graphnode-backend-api/data/rdk7542/786/b4400wa/entservices-deviceanddisplay-786/helpers/UtilssyncPersistFile.h
2025-11-28 09:14:14,610 - Knowledge - INFO - Fast-tracked /Users/veera/Documents/kavia-backend/graphnode-backend-api/data/rdk7542/786/b4400wa/entservices-deviceanddisplay-786/helpers/UtilssyncPersistFile.h (ext=.h, size=1541)
2025-11-28 09:14:14,610 - Knowledge - INFO - Worker kw3 processing /Users/veera/Documents/kavia-backend/graphnode-backend-api/data/rdk7542/786/b4400wa/entservices-deviceanddisplay-786/helpers/UtilsController.h
2025-11-28 09:14:14,610 - Knowledge - INFO - Worker kw3 processing /Users/veera/Documents/kavia-backend/graphnode-backend-api/data/rdk7542/786/b4400wa/entservices-deviceanddisplay-786/helpers/UtilsUnused.h
2025-11-28 09:14:14,610 - Knowledge - INFO - Fast-tracked /Users/veera/Documents/kavia-backend/graphnode-backend-api/data/rdk7542/786/b4400wa/entservices-deviceanddisplay-786/helpers/UtilsUnused.h (ext=.h, size=750)
2025-11-28 09:14:14,610 - Knowledge - INFO - Async storage completed for 15 embeddings
2025-11-28 09:14:14,610 - Knowledge - INFO - Fast-tracked /Users/veera/Documents/kavia-backend/graphnode-backend-api/data/rdk7542/786/b4400wa/entservices-deviceanddisplay-786/helpers/UtilsIarm.h (small file (2992 bytes))
2025-11-28 09:14:14,937 - Knowledge - INFO - [kw5] Queue=4, InProgress=0, PendingWorkers=20/20, Completed=30/255 (11.8%)
2025-11-28 09:14:14,937 - Knowledge - INFO - Batch sizing: calculated=4, max_allowed=25, queue=4, active_workers=20/20
2025-11-28 09:14:14,937 - Knowledge - INFO - Async storing batch of 15 embeddings
2025-11-28 09:14:14,938 - Knowledge - INFO - Worker kw5 processing /Users/veera/Documents/kavia-backend/graphnode-backend-api/data/rdk7542/786/b4400wa/entservices-deviceanddisplay-786/helpers/UtilsfileExists.h
2025-11-28 09:14:14,938 - Knowledge - INFO - Fast-tracked /Users/veera/Documents/kavia-backend/graphnode-backend-api/data/rdk7542/786/b4400wa/entservices-deviceanddisplay-786/helpers/UtilsfileExists.h (ext=.h, size=880)
2025-11-28 09:14:14,938 - Knowledge - INFO - Worker kw5 processing /Users/veera/Documents/kavia-backend/graphnode-backend-api/data/rdk7542/786/b4400wa/entservices-deviceanddisplay-786/helpers/UtilsFile.h
2025-11-28 09:14:14,938 - Knowledge - INFO - Worker kw5 processing /Users/veera/Documents/kavia-backend/graphnode-backend-api/data/rdk7542/786/b4400wa/entservices-deviceanddisplay-786/helpers/UtilsSynchroIarm.hpp
2025-11-28 09:14:14,938 - Knowledge - INFO - Worker kw5 processing /Users/veera/Documents/kavia-backend/graphnode-backend-api/data/rdk7542/786/b4400wa/entservices-deviceanddisplay-786/cov_build.sh
2025-11-28 09:14:14,938 - Knowledge - INFO - Async storage completed for 15 embeddings
2025-11-28 09:14:14,938 - Knowledge - INFO - Fast-tracked /Users/veera/Documents/kavia-backend/graphnode-backend-api/data/rdk7542/786/b4400wa/entservices-deviceanddisplay-786/helpers/UtilsFile.h (small file (2625 bytes))
2025-11-28 09:15:21,369 - Knowledge - INFO - [LLM_CALL] Completed: services.cmake:chunk1, Duration: 68732ms, PromptTokens: 3228, CompletionTokens: 59, Cost: $0.00035
2025-11-28 09:15:21,370 - Knowledge - INFO - done ingest for /Users/veera/Documents/kavia-backend/graphnode-backend-api/data/rdk7542/786/b4400wa/entservices-deviceanddisplay-786/services.cmake
2025-11-28 09:15:42,563 - Knowledge - ERROR - Timeout processing /Users/veera/Documents/kavia-backend/graphnode-backend-api/data/rdk7542/786/b4400wa/entservices-deviceanddisplay-786/cmake/FindGLIB.cmake after 90s
2025-11-28 09:15:42,564 - Knowledge - WARNING - File /Users/veera/Documents/kavia-backend/graphnode-backend-api/data/rdk7542/786/b4400wa/entservices-deviceanddisplay-786/cmake/FindGLIB.cmake not successfully processed
2025-11-28 09:15:42,564 - Knowledge - INFO - Processing batch of 14 files
2025-11-28 09:15:42,564 - Knowledge - INFO - process ingested knowledge for /Users/veera/Documents/kavia-backend/graphnode-backend-api/data/rdk7542/786/b4400wa/entservices-deviceanddisplay-786/cmake/FindDeepSleepHal.cmake
2025-11-28 09:15:42,564 - Knowledge - INFO - process ingested knowledge for /Users/veera/Documents/kavia-backend/graphnode-backend-api/data/rdk7542/786/b4400wa/entservices-deviceanddisplay-786/cmake/FindMFR.cmake
2025-11-28 09:15:42,564 - Knowledge - INFO - process ingested knowledge for /Users/veera/Documents/kavia-backend/graphnode-backend-api/data/rdk7542/786/b4400wa/entservices-deviceanddisplay-786/cmake/FindGStreamer.cmake
2025-11-28 09:15:42,564 - Knowledge - INFO - process ingested knowledge for /Users/veera/Documents/kavia-backend/graphnode-backend-api/data/rdk7542/786/b4400wa/entservices-deviceanddisplay-786/cmake/FindNEXUS.cmake
2025-11-28 09:15:42,564 - Knowledge - INFO - process ingested knowledge for /Users/veera/Documents/kavia-backend/graphnode-backend-api/data/rdk7542/786/b4400wa/entservices-deviceanddisplay-786/cmake/FindPowerHal.cmake
2025-11-28 09:15:42,564 - Knowledge - INFO - process ingested knowledge for /Users/veera/Documents/kavia-backend/graphnode-backend-api/data/rdk7542/786/b4400wa/entservices-deviceanddisplay-786/cmake/FindSqliteSee.cmake
2025-11-28 09:15:42,564 - Knowledge - INFO - process ingested knowledge for /Users/veera/Documents/kavia-backend/graphnode-backend-api/data/rdk7542/786/b4400wa/entservices-deviceanddisplay-786/cmake/FindGStreamerVideo.cmake
2025-11-28 09:15:42,564 - Knowledge - INFO - process ingested knowledge for /Users/veera/Documents/kavia-backend/graphnode-backend-api/data/rdk7542/786/b4400wa/entservices-deviceanddisplay-786/cmake/FindSqlite.cmake
2025-11-28 09:15:42,564 - Knowledge - INFO - process ingested knowledge for /Users/veera/Documents/kavia-backend/graphnode-backend-api/data/rdk7542/786/b4400wa/entservices-deviceanddisplay-786/cmake/FindBCM_HOST.cmake
2025-11-28 09:15:42,564 - Knowledge - INFO - process ingested knowledge for /Users/veera/Documents/kavia-backend/graphnode-backend-api/data/rdk7542/786/b4400wa/entservices-deviceanddisplay-786/cmake/FindDL.cmake
2025-11-28 09:15:42,565 - Knowledge - INFO - process ingested knowledge for /Users/veera/Documents/kavia-backend/graphnode-backend-api/data/rdk7542/786/b4400wa/entservices-deviceanddisplay-786/cmake/FindUdev.cmake
2025-11-28 09:15:42,565 - Knowledge - INFO - process ingested knowledge for /Users/veera/Documents/kavia-backend/graphnode-backend-api/data/rdk7542/786/b4400wa/entservices-deviceanddisplay-786/cmake/FindDS.cmake
2025-11-28 09:15:42,565 - Knowledge - INFO - process ingested knowledge for /Users/veera/Documents/kavia-backend/graphnode-backend-api/data/rdk7542/786/b4400wa/entservices-deviceanddisplay-786/cmake/FindTTS.cmake
2025-11-28 09:15:42,565 - Knowledge - INFO - process ingested knowledge for /Users/veera/Documents/kavia-backend/graphnode-backend-api/data/rdk7542/786/b4400wa/entservices-deviceanddisplay-786/cmake/Findjsoncpp.cmake
2025-11-28 09:15:42,565 - Knowledge - ERROR - Timeout processing /Users/veera/Documents/kavia-backend/graphnode-backend-api/data/rdk7542/786/b4400wa/entservices-deviceanddisplay-786/DisplaySettings/DisplaySettings.h after 90s
2025-11-28 09:15:42,570 - Knowledge - ERROR - Timeout processing /Users/veera/Documents/kavia-backend/graphnode-backend-api/data/rdk7542/786/b4400wa/entservices-deviceanddisplay-786/SystemMode/SystemModeImplementation.cpp after 90s
2025-11-28 09:15:42,572 - Knowledge - ERROR - Timeout processing /Users/veera/Documents/kavia-backend/graphnode-backend-api/data/rdk7542/786/b4400wa/entservices-deviceanddisplay-786/SystemMode/SystemMode.cpp after 90s
2025-11-28 09:15:42,573 - Knowledge - ERROR - Timeout processing /Users/veera/Documents/kavia-backend/graphnode-backend-api/data/rdk7542/786/b4400wa/entservices-deviceanddisplay-786/DeviceInfo/Implementation/DeviceAudioCapabilities.cpp after 90s
2025-11-28 09:15:42,573 - Knowledge - ERROR - Timeout processing /Users/veera/Documents/kavia-backend/graphnode-backend-api/data/rdk7542/786/b4400wa/entservices-deviceanddisplay-786/DeviceInfo/DeviceInfoJsonRpc.cpp after 90s
2025-11-28 09:15:42,573 - Knowledge - ERROR - Timeout processing /Users/veera/Documents/kavia-backend/graphnode-backend-api/data/rdk7542/786/b4400wa/entservices-deviceanddisplay-786/DisplayInfo/Linux/PlatformImplementation.cpp after 90s
2025-11-28 09:15:42,574 - Knowledge - ERROR - Timeout processing /Users/veera/Documents/kavia-backend/graphnode-backend-api/data/rdk7542/786/b4400wa/entservices-deviceanddisplay-786/DeviceInfo/Implementation/FirmwareVersion.cpp after 90s
2025-11-28 09:15:42,574 - Knowledge - ERROR - Timeout processing /Users/veera/Documents/kavia-backend/graphnode-backend-api/data/rdk7542/786/b4400wa/entservices-deviceanddisplay-786/DisplayInfo/DeviceSettings/PlatformImplementation.cpp after 90s
2025-11-28 09:15:42,574 - Knowledge - ERROR - Timeout processing /Users/veera/Documents/kavia-backend/graphnode-backend-api/data/rdk7542/786/b4400wa/entservices-deviceanddisplay-786/FrameRate/FrameRate.cpp after 90s
2025-11-28 09:15:42,574 - Knowledge - ERROR - Timeout processing /Users/veera/Documents/kavia-backend/graphnode-backend-api/data/rdk7542/786/b4400wa/entservices-deviceanddisplay-786/PowerManager/hal/PowerImpl.h after 90s
2025-11-28 09:15:42,574 - Knowledge - ERROR - Timeout processing /Users/veera/Documents/kavia-backend/graphnode-backend-api/data/rdk7542/786/b4400wa/entservices-deviceanddisplay-786/SystemServices/platformcaps/platformcapsdatarpc.cpp after 90s
2025-11-28 09:15:42,574 - Knowledge - ERROR - Timeout processing /Users/veera/Documents/kavia-backend/graphnode-backend-api/data/rdk7542/786/b4400wa/entservices-deviceanddisplay-786/SystemServices/thermonitor.cpp after 90s
2025-11-28 09:15:42,574 - Knowledge - ERROR - Timeout processing /Users/veera/Documents/kavia-backend/graphnode-backend-api/data/rdk7542/786/b4400wa/entservices-deviceanddisplay-786/DeviceInfo/Implementation/DeviceInfo.cpp after 90s
2025-11-28 09:15:42,575 - Knowledge - ERROR - Timeout processing /Users/veera/Documents/kavia-backend/graphnode-backend-api/data/rdk7542/786/b4400wa/entservices-deviceanddisplay-786/DeviceInfo/DeviceInfo.h after 90s
2025-11-28 09:15:42,575 - Knowledge - ERROR - Timeout processing /Users/veera/Documents/kavia-backend/graphnode-backend-api/data/rdk7542/786/b4400wa/entservices-deviceanddisplay-786/SystemServices/platformcaps/platformcaps.cpp after 90s
2025-11-28 09:15:42,576 - Knowledge - ERROR - Timeout processing /Users/veera/Documents/kavia-backend/graphnode-backend-api/data/rdk7542/786/b4400wa/entservices-deviceanddisplay-786/SystemServices/SystemServicesHelper.cpp after 90s
2025-11-28 09:15:42,576 - Knowledge - ERROR - Timeout processing /Users/veera/Documents/kavia-backend/graphnode-backend-api/data/rdk7542/786/b4400wa/entservices-deviceanddisplay-786/DeviceInfo/DeviceInfo.cpp after 90s
2025-11-28 09:15:42,576 - Knowledge - ERROR - Timeout processing /Users/veera/Documents/kavia-backend/graphnode-backend-api/data/rdk7542/786/b4400wa/entservices-deviceanddisplay-786/PowerManager/AckController.h after 90s
2025-11-28 09:15:42,577 - Knowledge - ERROR - Timeout processing /Users/veera/Documents/kavia-backend/graphnode-backend-api/data/rdk7542/786/b4400wa/entservices-deviceanddisplay-786/DisplayInfo/DisplayInfo.h after 90s
2025-11-28 09:15:42,577 - Knowledge - ERROR - Timeout processing /Users/veera/Documents/kavia-backend/graphnode-backend-api/data/rdk7542/786/b4400wa/entservices-deviceanddisplay-786/PowerManager/ThermalController.cpp after 90s
2025-11-28 09:15:42,577 - Knowledge - ERROR - Timeout processing /Users/veera/Documents/kavia-backend/graphnode-backend-api/data/rdk7542/786/b4400wa/entservices-deviceanddisplay-786/SystemServices/StateObserverHelper.h after 90s
2025-11-28 09:15:42,577 - Knowledge - ERROR - Timeout processing /Users/veera/Documents/kavia-backend/graphnode-backend-api/data/rdk7542/786/b4400wa/entservices-deviceanddisplay-786/DisplayInfo/DeviceSettings/RPI/kms.c after 90s
2025-11-28 09:15:42,577 - Knowledge - ERROR - Timeout processing /Users/veera/Documents/kavia-backend/graphnode-backend-api/data/rdk7542/786/b4400wa/entservices-deviceanddisplay-786/SystemServices/SystemServicesHelper.h after 90s
2025-11-28 09:15:42,578 - Knowledge - ERROR - Timeout processing /Users/veera/Documents/kavia-backend/graphnode-backend-api/data/rdk7542/786/b4400wa/entservices-deviceanddisplay-786/DeviceInfo/Implementation/DeviceVideoCapabilities.cpp after 90s
2025-11-28 09:15:42,578 - Knowledge - ERROR - Timeout processing /Users/veera/Documents/kavia-backend/graphnode-backend-api/data/rdk7542/786/b4400wa/entservices-deviceanddisplay-786/PowerManager/Settings.h after 90s
2025-11-28 09:15:42,578 - Knowledge - ERROR - Timeout processing /Users/veera/Documents/kavia-backend/graphnode-backend-api/data/rdk7542/786/b4400wa/entservices-deviceanddisplay-786/DisplayInfo/DeviceSettings/RPI/SoC_abstraction.cpp after 90s
2025-11-28 09:15:42,578 - Knowledge - ERROR - Timeout processing /Users/veera/Documents/kavia-backend/graphnode-backend-api/data/rdk7542/786/b4400wa/entservices-deviceanddisplay-786/PowerManager/PowerManagerImplementation.h after 90s
2025-11-28 09:15:42,578 - Knowledge - ERROR - Timeout processing /Users/veera/Documents/kavia-backend/graphnode-backend-api/data/rdk7542/786/b4400wa/entservices-deviceanddisplay-786/DisplayInfo/RPI/PlatformImplementation.cpp after 90s
2025-11-28 09:15:42,579 - Knowledge - WARNING - File /Users/veera/Documents/kavia-backend/graphnode-backend-api/data/rdk7542/786/b4400wa/entservices-deviceanddisplay-786/DeviceInfo/Implementation/DeviceAudioCapabilities.cpp not successfully processed
2025-11-28 09:15:42,579 - Knowledge - ERROR - Timeout processing /Users/veera/Documents/kavia-backend/graphnode-backend-api/data/rdk7542/786/b4400wa/entservices-deviceanddisplay-786/PowerManager/PowerUtils.cpp after 90s
2025-11-28 09:15:42,579 - Knowledge - ERROR - Timeout processing /Users/veera/Documents/kavia-backend/graphnode-backend-api/data/rdk7542/786/b4400wa/entservices-deviceanddisplay-786/PowerManager/PowerController.h after 90s
2025-11-28 09:15:42,579 - Knowledge - ERROR - Timeout processing /Users/veera/Documents/kavia-backend/graphnode-backend-api/data/rdk7542/786/b4400wa/entservices-deviceanddisplay-786/FrameRate/FrameRateImplementation.cpp after 90s
2025-11-28 09:15:42,580 - Knowledge - ERROR - Timeout processing /Users/veera/Documents/kavia-backend/graphnode-backend-api/data/rdk7542/786/b4400wa/entservices-deviceanddisplay-786/PowerManager/PowerController.cpp after 90s
2025-11-28 09:15:42,580 - Knowledge - ERROR - Timeout processing /Users/veera/Documents/kavia-backend/graphnode-backend-api/data/rdk7542/786/b4400wa/entservices-deviceanddisplay-786/DisplayInfo/DisplayInfo.cpp after 90s
2025-11-28 09:15:42,580 - Knowledge - ERROR - Timeout processing /Users/veera/Documents/kavia-backend/graphnode-backend-api/data/rdk7542/786/b4400wa/entservices-deviceanddisplay-786/PowerManager/RebootController.cpp after 90s
2025-11-28 09:15:42,580 - Knowledge - ERROR - Timeout processing /Users/veera/Documents/kavia-backend/graphnode-backend-api/data/rdk7542/786/b4400wa/entservices-deviceanddisplay-786/helpers/UtilsString.h after 90s
2025-11-28 09:15:42,581 - Knowledge - ERROR - Timeout processing /Users/veera/Documents/kavia-backend/graphnode-backend-api/data/rdk7542/786/b4400wa/entservices-deviceanddisplay-786/PowerManager/DeepSleepController.h after 90s
2025-11-28 09:15:42,581 - Knowledge - ERROR - Timeout processing /Users/veera/Documents/kavia-backend/graphnode-backend-api/data/rdk7542/786/b4400wa/entservices-deviceanddisplay-786/PowerManager/Settings.cpp after 90s
2025-11-28 09:15:42,581 - Knowledge - ERROR - Timeout processing /Users/veera/Documents/kavia-backend/graphnode-backend-api/data/rdk7542/786/b4400wa/entservices-deviceanddisplay-786/SystemServices/TestClient/systemServiceTestClient.cpp after 90s
2025-11-28 09:15:42,582 - Knowledge - ERROR - Timeout processing /Users/veera/Documents/kavia-backend/graphnode-backend-api/data/rdk7542/786/b4400wa/entservices-deviceanddisplay-786/helpers/cSettings.h after 90s
2025-11-28 09:15:42,582 - Knowledge - WARNING - File /Users/veera/Documents/kavia-backend/graphnode-backend-api/data/rdk7542/786/b4400wa/entservices-deviceanddisplay-786/SystemServices/platformcaps/platformcapsdatarpc.cpp not successfully processed
2025-11-28 09:15:42,582 - Knowledge - ERROR - Timeout processing /Users/veera/Documents/kavia-backend/graphnode-backend-api/data/rdk7542/786/b4400wa/entservices-deviceanddisplay-786/helpers/WebSockets/Roles/SingleClientServer.h after 90s
2025-11-28 09:15:42,582 - Knowledge - ERROR - Timeout processing /Users/veera/Documents/kavia-backend/graphnode-backend-api/data/rdk7542/786/b4400wa/entservices-deviceanddisplay-786/DeviceDiagnostics/DeviceDiagnosticsImplementation.cpp after 90s
2025-11-28 09:15:42,582 - Knowledge - ERROR - Timeout processing /Users/veera/Documents/kavia-backend/graphnode-backend-api/data/rdk7542/786/b4400wa/entservices-deviceanddisplay-786/FrameRate/FrameRate.h after 90s
2025-11-28 09:15:42,582 - Knowledge - ERROR - Timeout processing /Users/veera/Documents/kavia-backend/graphnode-backend-api/data/rdk7542/786/b4400wa/entservices-deviceanddisplay-786/build_dependencies.sh after 90s
2025-11-28 09:15:42,583 - Knowledge - ERROR - Timeout processing /Users/veera/Documents/kavia-backend/graphnode-backend-api/data/rdk7542/786/b4400wa/entservices-deviceanddisplay-786/helpers/WebSockets/PingPong/PingPongEnabled.h after 90s
2025-11-28 09:15:42,608 - Knowledge - ERROR - Timeout processing /Users/veera/Documents/kavia-backend/graphnode-backend-api/data/rdk7542/786/b4400wa/entservices-deviceanddisplay-786/DeviceDiagnostics/DeviceDiagnostics.h after 90s
2025-11-28 09:15:42,609 - Knowledge - ERROR - Timeout processing /Users/veera/Documents/kavia-backend/graphnode-backend-api/data/rdk7542/786/b4400wa/entservices-deviceanddisplay-786/helpers/WebSockets/Encryption/TlsEnabled.h after 90s
2025-11-28 09:15:42,609 - Knowledge - ERROR - Timeout processing /Users/veera/Documents/kavia-backend/graphnode-backend-api/data/rdk7542/786/b4400wa/entservices-deviceanddisplay-786/UserPreferences/UserPreferences.h after 90s
2025-11-28 09:15:42,610 - Knowledge - ERROR - Timeout processing /Users/veera/Documents/kavia-backend/graphnode-backend-api/data/rdk7542/786/b4400wa/entservices-deviceanddisplay-786/UserPreferences/UserPreferences.cpp after 90s
2025-11-28 09:15:42,610 - Knowledge - ERROR - Timeout processing /Users/veera/Documents/kavia-backend/graphnode-backend-api/data/rdk7542/786/b4400wa/entservices-deviceanddisplay-786/SystemServices/SystemServices.h after 90s
2025-11-28 09:15:42,610 - Knowledge - ERROR - Timeout processing /Users/veera/Documents/kavia-backend/graphnode-backend-api/data/rdk7542/786/b4400wa/entservices-deviceanddisplay-786/Warehouse/Warehouse.cpp after 90s
2025-11-28 09:15:42,610 - Knowledge - ERROR - Timeout processing /Users/veera/Documents/kavia-backend/graphnode-backend-api/data/rdk7542/786/b4400wa/entservices-deviceanddisplay-786/Warehouse/Warehouse.h after 90s
2025-11-28 09:15:42,610 - Knowledge - ERROR - Timeout processing /Users/veera/Documents/kavia-backend/graphnode-backend-api/data/rdk7542/786/b4400wa/entservices-deviceanddisplay-786/helpers/tptimer.h after 90s
2025-11-28 09:15:42,610 - Knowledge - ERROR - Timeout processing /Users/veera/Documents/kavia-backend/graphnode-backend-api/data/rdk7542/786/b4400wa/entservices-deviceanddisplay-786/PowerManager/PowerManagerImplementation.cpp after 90s
2025-11-28 09:15:42,610 - Knowledge - ERROR - Timeout processing /Users/veera/Documents/kavia-backend/graphnode-backend-api/data/rdk7542/786/b4400wa/entservices-deviceanddisplay-786/DisplayInfo/Linux/DRMConnector.h after 90s
2025-11-28 09:15:42,610 - Knowledge - WARNING - File /Users/veera/Documents/kavia-backend/graphnode-backend-api/data/rdk7542/786/b4400wa/entservices-deviceanddisplay-786/PowerManager/ThermalController.cpp not successfully processed
2025-11-28 09:15:42,611 - Knowledge - ERROR - Timeout processing /Users/veera/Documents/kavia-backend/graphnode-backend-api/data/rdk7542/786/b4400wa/entservices-deviceanddisplay-786/FrameRate/FrameRateImplementation.h after 90s
2025-11-28 09:15:42,611 - Knowledge - ERROR - Timeout processing /Users/veera/Documents/kavia-backend/graphnode-backend-api/data/rdk7542/786/b4400wa/entservices-deviceanddisplay-786/PowerManager/PowerManager.h after 90s
2025-11-28 09:15:42,611 - Knowledge - WARNING - File /Users/veera/Documents/kavia-backend/graphnode-backend-api/data/rdk7542/786/b4400wa/entservices-deviceanddisplay-786/PowerManager/AckController.h not successfully processed
2025-11-28 09:15:42,611 - Knowledge - WARNING - File /Users/veera/Documents/kavia-backend/graphnode-backend-api/data/rdk7542/786/b4400wa/entservices-deviceanddisplay-786/DisplayInfo/DeviceSettings/PlatformImplementation.cpp not successfully processed
2025-11-28 09:15:42,611 - Knowledge - WARNING - File /Users/veera/Documents/kavia-backend/graphnode-backend-api/data/rdk7542/786/b4400wa/entservices-deviceanddisplay-786/DisplayInfo/Linux/PlatformImplementation.cpp not successfully processed
2025-11-28 09:15:42,616 - Knowledge - ERROR - Timeout processing /Users/veera/Documents/kavia-backend/graphnode-backend-api/data/rdk7542/786/b4400wa/entservices-deviceanddisplay-786/PowerManager/PowerManager.cpp after 90s
2025-11-28 09:15:42,616 - Knowledge - ERROR - Timeout processing /Users/veera/Documents/kavia-backend/graphnode-backend-api/data/rdk7542/786/b4400wa/entservices-deviceanddisplay-786/PowerManager/hal/DeepSleepImpl.h after 90s
2025-11-28 09:15:42,626 - Knowledge - ERROR - Timeout processing /Users/veera/Documents/kavia-backend/graphnode-backend-api/data/rdk7542/786/b4400wa/entservices-deviceanddisplay-786/Warehouse/WarehouseImplementation.cpp after 90s
2025-11-28 09:15:42,662 - Knowledge - WARNING - File /Users/veera/Documents/kavia-backend/graphnode-backend-api/data/rdk7542/786/b4400wa/entservices-deviceanddisplay-786/DisplaySettings/DisplaySettings.h not successfully processed
2025-11-28 09:15:42,679 - Knowledge - WARNING - File /Users/veera/Documents/kavia-backend/graphnode-backend-api/data/rdk7542/786/b4400wa/entservices-deviceanddisplay-786/DeviceInfo/Implementation/FirmwareVersion.cpp not successfully processed
2025-11-28 09:15:42,680 - Knowledge - ERROR - Timeout processing /Users/veera/Documents/kavia-backend/graphnode-backend-api/data/rdk7542/786/b4400wa/entservices-deviceanddisplay-786/PowerManager/DeepSleepController.cpp after 90s
2025-11-28 09:15:42,680 - Knowledge - ERROR - Timeout processing /Users/veera/Documents/kavia-backend/graphnode-backend-api/data/rdk7542/786/b4400wa/entservices-deviceanddisplay-786/DeviceDiagnostics/DeviceDiagnostics.cpp after 90s
2025-11-28 09:15:42,681 - Knowledge - ERROR - Timeout processing /Users/veera/Documents/kavia-backend/graphnode-backend-api/data/rdk7542/786/b4400wa/entservices-deviceanddisplay-786/SystemServices/uploadlogs.cpp after 90s
2025-11-28 09:15:42,687 - Knowledge - ERROR - Timeout processing /Users/veera/Documents/kavia-backend/graphnode-backend-api/data/rdk7542/786/b4400wa/entservices-deviceanddisplay-786/Warehouse/WarehouseImplementation.h after 90s
2025-11-28 09:15:42,688 - Knowledge - ERROR - Timeout processing /Users/veera/Documents/kavia-backend/graphnode-backend-api/data/rdk7542/786/b4400wa/entservices-deviceanddisplay-786/helpers/WebSockets/WSEndpoint.cpp after 90s
2025-11-28 09:15:42,689 - Knowledge - WARNING - File /Users/veera/Documents/kavia-backend/graphnode-backend-api/data/rdk7542/786/b4400wa/entservices-deviceanddisplay-786/SystemServices/platformcaps/platformcaps.cpp not successfully processed
2025-11-28 09:15:42,689 - Knowledge - ERROR - Timeout processing /Users/veera/Documents/kavia-backend/graphnode-backend-api/data/rdk7542/786/b4400wa/entservices-deviceanddisplay-786/PowerManager/hal/ThermalImpl.h after 90s
2025-11-28 09:15:42,689 - Knowledge - ERROR - Timeout processing /Users/veera/Documents/kavia-backend/graphnode-backend-api/data/rdk7542/786/b4400wa/entservices-deviceanddisplay-786/PowerManager/ThermalController.h after 90s
2025-11-28 09:15:42,695 - Knowledge - WARNING - File /Users/veera/Documents/kavia-backend/graphnode-backend-api/data/rdk7542/786/b4400wa/entservices-deviceanddisplay-786/DeviceInfo/Implementation/DeviceInfo.cpp not successfully processed
2025-11-28 09:15:42,700 - Knowledge - WARNING - File /Users/veera/Documents/kavia-backend/graphnode-backend-api/data/rdk7542/786/b4400wa/entservices-deviceanddisplay-786/PowerManager/PowerManagerImplementation.h not successfully processed
2025-11-28 09:15:42,701 - Knowledge - ERROR - Timeout processing /Users/veera/Documents/kavia-backend/graphnode-backend-api/data/rdk7542/786/b4400wa/entservices-deviceanddisplay-786/helpers/WebSockets/CommunicationInterface/JsonRpcInterface.h after 90s
2025-11-28 09:15:42,701 - Knowledge - WARNING - File /Users/veera/Documents/kavia-backend/graphnode-backend-api/data/rdk7542/786/b4400wa/entservices-deviceanddisplay-786/SystemMode/SystemModeImplementation.cpp not successfully processed
2025-11-28 09:15:42,702 - Knowledge - WARNING - File /Users/veera/Documents/kavia-backend/graphnode-backend-api/data/rdk7542/786/b4400wa/entservices-deviceanddisplay-786/PowerManager/hal/PowerImpl.h not successfully processed
2025-11-28 09:15:42,703 - Knowledge - ERROR - Timeout processing /Users/veera/Documents/kavia-backend/graphnode-backend-api/data/rdk7542/786/b4400wa/entservices-deviceanddisplay-786/SystemServices/platformcaps/platformcapsdata.h after 90s
2025-11-28 09:15:42,703 - Knowledge - ERROR - Timeout processing /Users/veera/Documents/kavia-backend/graphnode-backend-api/data/rdk7542/786/b4400wa/entservices-deviceanddisplay-786/helpers/UtilsJsonRpc.h after 90s
2025-11-28 09:15:42,704 - Knowledge - ERROR - Timeout processing /Users/veera/Documents/kavia-backend/graphnode-backend-api/data/rdk7542/786/b4400wa/entservices-deviceanddisplay-786/DeviceDiagnostics/DeviceDiagnosticsImplementation.h after 90s
2025-11-28 09:15:42,704 - Knowledge - ERROR - Timeout processing /Users/veera/Documents/kavia-backend/graphnode-backend-api/data/rdk7542/786/b4400wa/entservices-deviceanddisplay-786/PowerManager/hal/ThermalMfrImpl.h after 90s
2025-11-28 09:15:42,704 - Knowledge - WARNING - File /Users/veera/Documents/kavia-backend/graphnode-backend-api/data/rdk7542/786/b4400wa/entservices-deviceanddisplay-786/helpers/WebSockets/Encryption/TlsEnabled.h not successfully processed
2025-11-28 09:15:42,728 - Knowledge - WARNING - File /Users/veera/Documents/kavia-backend/graphnode-backend-api/data/rdk7542/786/b4400wa/entservices-deviceanddisplay-786/PowerManager/RebootController.cpp not successfully processed
2025-11-28 09:15:42,730 - Knowledge - ERROR - Timeout processing /Users/veera/Documents/kavia-backend/graphnode-backend-api/data/rdk7542/786/b4400wa/entservices-deviceanddisplay-786/helpers/frontpanel.h after 90s
2025-11-28 09:15:42,730 - Knowledge - ERROR - Timeout processing /Users/veera/Documents/kavia-backend/graphnode-backend-api/data/rdk7542/786/b4400wa/entservices-deviceanddisplay-786/SystemServices/platformcaps/platformcapsdata.cpp after 90s
2025-11-28 09:15:42,731 - Knowledge - WARNING - File /Users/veera/Documents/kavia-backend/graphnode-backend-api/data/rdk7542/786/b4400wa/entservices-deviceanddisplay-786/PowerManager/Settings.cpp not successfully processed
2025-11-28 09:15:42,731 - Knowledge - WARNING - File /Users/veera/Documents/kavia-backend/graphnode-backend-api/data/rdk7542/786/b4400wa/entservices-deviceanddisplay-786/build_dependencies.sh not successfully processed
2025-11-28 09:15:42,731 - Knowledge - WARNING - File /Users/veera/Documents/kavia-backend/graphnode-backend-api/data/rdk7542/786/b4400wa/entservices-deviceanddisplay-786/Warehouse/Warehouse.cpp not successfully processed
2025-11-28 09:15:42,731 - Knowledge - WARNING - File /Users/veera/Documents/kavia-backend/graphnode-backend-api/data/rdk7542/786/b4400wa/entservices-deviceanddisplay-786/FrameRate/FrameRate.cpp not successfully processed
2025-11-28 09:15:42,734 - Knowledge - ERROR - Timeout processing /Users/veera/Documents/kavia-backend/graphnode-backend-api/data/rdk7542/786/b4400wa/entservices-deviceanddisplay-786/helpers/UtilsgetFileContent.h after 90s
2025-11-28 09:15:42,734 - Knowledge - WARNING - File /Users/veera/Documents/kavia-backend/graphnode-backend-api/data/rdk7542/786/b4400wa/entservices-deviceanddisplay-786/helpers/WebSockets/Roles/SingleClientServer.h not successfully processed
2025-11-28 09:15:42,734 - Knowledge - WARNING - File /Users/veera/Documents/kavia-backend/graphnode-backend-api/data/rdk7542/786/b4400wa/entservices-deviceanddisplay-786/helpers/WebSockets/PingPong/PingPongEnabled.h not successfully processed
2025-11-28 09:15:42,806 - Knowledge - WARNING - File /Users/veera/Documents/kavia-backend/graphnode-backend-api/data/rdk7542/786/b4400wa/entservices-deviceanddisplay-786/DeviceInfo/DeviceInfo.cpp not successfully processed
2025-11-28 09:15:42,807 - Knowledge - WARNING - File /Users/veera/Documents/kavia-backend/graphnode-backend-api/data/rdk7542/786/b4400wa/entservices-deviceanddisplay-786/DisplayInfo/DisplayInfo.h not successfully processed
2025-11-28 09:15:42,811 - Knowledge - WARNING - File /Users/veera/Documents/kavia-backend/graphnode-backend-api/data/rdk7542/786/b4400wa/entservices-deviceanddisplay-786/DeviceInfo/DeviceInfoJsonRpc.cpp not successfully processed
2025-11-28 09:15:42,839 - Knowledge - WARNING - File /Users/veera/Documents/kavia-backend/graphnode-backend-api/data/rdk7542/786/b4400wa/entservices-deviceanddisplay-786/SystemMode/SystemMode.cpp not successfully processed
2025-11-28 09:15:42,845 - Knowledge - WARNING - File /Users/veera/Documents/kavia-backend/graphnode-backend-api/data/rdk7542/786/b4400wa/entservices-deviceanddisplay-786/SystemServices/thermonitor.cpp not successfully processed
2025-11-28 09:15:42,846 - Knowledge - WARNING - File /Users/veera/Documents/kavia-backend/graphnode-backend-api/data/rdk7542/786/b4400wa/entservices-deviceanddisplay-786/SystemServices/SystemServicesHelper.cpp not successfully processed
2025-11-28 09:15:42,853 - Knowledge - WARNING - File /Users/veera/Documents/kavia-backend/graphnode-backend-api/data/rdk7542/786/b4400wa/entservices-deviceanddisplay-786/helpers/UtilsString.h not successfully processed
2025-11-28 09:15:42,853 - Knowledge - WARNING - File /Users/veera/Documents/kavia-backend/graphnode-backend-api/data/rdk7542/786/b4400wa/entservices-deviceanddisplay-786/helpers/cSettings.h not successfully processed
2025-11-28 09:15:42,899 - Knowledge - WARNING - File /Users/veera/Documents/kavia-backend/graphnode-backend-api/data/rdk7542/786/b4400wa/entservices-deviceanddisplay-786/DisplayInfo/DeviceSettings/RPI/kms.c not successfully processed
2025-11-28 09:15:42,924 - Knowledge - WARNING - File /Users/veera/Documents/kavia-backend/graphnode-backend-api/data/rdk7542/786/b4400wa/entservices-deviceanddisplay-786/DisplayInfo/DeviceSettings/RPI/SoC_abstraction.cpp not successfully processed
2025-11-28 09:15:42,925 - Knowledge - INFO - Processing batch of 3 files
2025-11-28 09:15:42,925 - Knowledge - INFO - process ingested knowledge for /Users/veera/Documents/kavia-backend/graphnode-backend-api/data/rdk7542/786/b4400wa/entservices-deviceanddisplay-786/PowerManager/Module.h
2025-11-28 09:15:42,986 - Knowledge - WARNING - File /Users/veera/Documents/kavia-backend/graphnode-backend-api/data/rdk7542/786/b4400wa/entservices-deviceanddisplay-786/SystemServices/StateObserverHelper.h not successfully processed
2025-11-28 09:15:42,986 - Knowledge - WARNING - File /Users/veera/Documents/kavia-backend/graphnode-backend-api/data/rdk7542/786/b4400wa/entservices-deviceanddisplay-786/SystemServices/SystemServicesHelper.h not successfully processed
2025-11-28 09:15:42,987 - Knowledge - WARNING - File /Users/veera/Documents/kavia-backend/graphnode-backend-api/data/rdk7542/786/b4400wa/entservices-deviceanddisplay-786/DeviceDiagnostics/DeviceDiagnosticsImplementation.cpp not successfully processed
2025-11-28 09:15:42,987 - Knowledge - WARNING - File /Users/veera/Documents/kavia-backend/graphnode-backend-api/data/rdk7542/786/b4400wa/entservices-deviceanddisplay-786/DeviceDiagnostics/DeviceDiagnostics.h not successfully processed
2025-11-28 09:15:43,018 - Knowledge - INFO - process ingested knowledge for /Users/veera/Documents/kavia-backend/graphnode-backend-api/data/rdk7542/786/b4400wa/entservices-deviceanddisplay-786/Warehouse/CMakeLists.txt
2025-11-28 09:15:43,019 - Knowledge - WARNING - File /Users/veera/Documents/kavia-backend/graphnode-backend-api/data/rdk7542/786/b4400wa/entservices-deviceanddisplay-786/PowerManager/PowerController.h not successfully processed
2025-11-28 09:15:43,019 - Knowledge - WARNING - File /Users/veera/Documents/kavia-backend/graphnode-backend-api/data/rdk7542/786/b4400wa/entservices-deviceanddisplay-786/PowerManager/PowerController.cpp not successfully processed
2025-11-28 09:15:43,019 - Knowledge - WARNING - File /Users/veera/Documents/kavia-backend/graphnode-backend-api/data/rdk7542/786/b4400wa/entservices-deviceanddisplay-786/PowerManager/DeepSleepController.h not successfully processed
2025-11-28 09:15:43,019 - Knowledge - WARNING - File /Users/veera/Documents/kavia-backend/graphnode-backend-api/data/rdk7542/786/b4400wa/entservices-deviceanddisplay-786/PowerManager/PowerManagerImplementation.cpp not successfully processed
2025-11-28 09:15:43,019 - Knowledge - WARNING - File /Users/veera/Documents/kavia-backend/graphnode-backend-api/data/rdk7542/786/b4400wa/entservices-deviceanddisplay-786/PowerManager/PowerManager.h not successfully processed
2025-11-28 09:15:43,019 - Knowledge - WARNING - File /Users/veera/Documents/kavia-backend/graphnode-backend-api/data/rdk7542/786/b4400wa/entservices-deviceanddisplay-786/PowerManager/PowerManager.cpp not successfully processed
2025-11-28 09:15:43,019 - Knowledge - WARNING - File /Users/veera/Documents/kavia-backend/graphnode-backend-api/data/rdk7542/786/b4400wa/entservices-deviceanddisplay-786/PowerManager/DeepSleepController.cpp not successfully processed
2025-11-28 09:15:43,021 - Knowledge - INFO - Processing batch of 2 files
2025-11-28 09:15:43,022 - Knowledge - INFO - process ingested knowledge for /Users/veera/Documents/kavia-backend/graphnode-backend-api/data/rdk7542/786/b4400wa/entservices-deviceanddisplay-786/PowerManager/hal/Thermal.h
2025-11-28 09:15:43,047 - Knowledge - WARNING - File /Users/veera/Documents/kavia-backend/graphnode-backend-api/data/rdk7542/786/b4400wa/entservices-deviceanddisplay-786/SystemServices/TestClient/systemServiceTestClient.cpp not successfully processed
2025-11-28 09:15:43,054 - Knowledge - INFO - process ingested knowledge for /Users/veera/Documents/kavia-backend/graphnode-backend-api/data/rdk7542/786/b4400wa/entservices-deviceanddisplay-786/Warehouse/cmake/FindDS.cmake
2025-11-28 09:15:43,062 - Knowledge - INFO - process ingested knowledge for /Users/veera/Documents/kavia-backend/graphnode-backend-api/data/rdk7542/786/b4400wa/entservices-deviceanddisplay-786/PowerManager/Module.cpp
2025-11-28 09:15:43,067 - Knowledge - WARNING - File /Users/veera/Documents/kavia-backend/graphnode-backend-api/data/rdk7542/786/b4400wa/entservices-deviceanddisplay-786/PowerManager/Settings.h not successfully processed
2025-11-28 09:15:43,067 - Knowledge - WARNING - File /Users/veera/Documents/kavia-backend/graphnode-backend-api/data/rdk7542/786/b4400wa/entservices-deviceanddisplay-786/PowerManager/PowerUtils.cpp not successfully processed
2025-11-28 09:15:43,070 - Knowledge - WARNING - File /Users/veera/Documents/kavia-backend/graphnode-backend-api/data/rdk7542/786/b4400wa/entservices-deviceanddisplay-786/helpers/WebSockets/WSEndpoint.cpp not successfully processed
2025-11-28 09:15:43,079 - Knowledge - INFO - Processing batch of 5 files
2025-11-28 09:15:43,080 - Knowledge - INFO - process ingested knowledge for /Users/veera/Documents/kavia-backend/graphnode-backend-api/data/rdk7542/786/b4400wa/entservices-deviceanddisplay-786/DeviceInfo/Implementation/FirmwareVersion.h
2025-11-28 09:15:43,081 - Knowledge - WARNING - File /Users/veera/Documents/kavia-backend/graphnode-backend-api/data/rdk7542/786/b4400wa/entservices-deviceanddisplay-786/DeviceInfo/DeviceInfo.h not successfully processed
2025-11-28 09:15:43,081 - Knowledge - WARNING - File /Users/veera/Documents/kavia-backend/graphnode-backend-api/data/rdk7542/786/b4400wa/entservices-deviceanddisplay-786/helpers/tptimer.h not successfully processed
2025-11-28 09:15:43,085 - Knowledge - WARNING - File /Users/veera/Documents/kavia-backend/graphnode-backend-api/data/rdk7542/786/b4400wa/entservices-deviceanddisplay-786/DeviceDiagnostics/DeviceDiagnostics.cpp not successfully processed
2025-11-28 09:15:43,086 - Knowledge - WARNING - File /Users/veera/Documents/kavia-backend/graphnode-backend-api/data/rdk7542/786/b4400wa/entservices-deviceanddisplay-786/helpers/UtilsJsonRpc.h not successfully processed
2025-11-28 09:15:43,086 - Knowledge - WARNING - File /Users/veera/Documents/kavia-backend/graphnode-backend-api/data/rdk7542/786/b4400wa/entservices-deviceanddisplay-786/helpers/frontpanel.h not successfully processed
2025-11-28 09:15:43,101 - Knowledge - WARNING - File /Users/veera/Documents/kavia-backend/graphnode-backend-api/data/rdk7542/786/b4400wa/entservices-deviceanddisplay-786/FrameRate/FrameRateImplementation.cpp not successfully processed
2025-11-28 09:15:43,106 - Knowledge - WARNING - File /Users/veera/Documents/kavia-backend/graphnode-backend-api/data/rdk7542/786/b4400wa/entservices-deviceanddisplay-786/Warehouse/Warehouse.h not successfully processed
2025-11-28 09:15:43,106 - Knowledge - WARNING - File /Users/veera/Documents/kavia-backend/graphnode-backend-api/data/rdk7542/786/b4400wa/entservices-deviceanddisplay-786/Warehouse/WarehouseImplementation.cpp not successfully processed
2025-11-28 09:15:43,106 - Knowledge - WARNING - File /Users/veera/Documents/kavia-backend/graphnode-backend-api/data/rdk7542/786/b4400wa/entservices-deviceanddisplay-786/Warehouse/WarehouseImplementation.h not successfully processed
2025-11-28 09:15:43,107 - Knowledge - INFO - process ingested knowledge for /Users/veera/Documents/kavia-backend/graphnode-backend-api/data/rdk7542/786/b4400wa/entservices-deviceanddisplay-786/DeviceInfo/Module.h
2025-11-28 09:15:43,125 - Knowledge - WARNING - File /Users/veera/Documents/kavia-backend/graphnode-backend-api/data/rdk7542/786/b4400wa/entservices-deviceanddisplay-786/UserPreferences/UserPreferences.h not successfully processed
2025-11-28 09:15:43,130 - Knowledge - WARNING - File /Users/veera/Documents/kavia-backend/graphnode-backend-api/data/rdk7542/786/b4400wa/entservices-deviceanddisplay-786/UserPreferences/UserPreferences.cpp not successfully processed
2025-11-28 09:15:43,139 - Knowledge - INFO - Processing batch of 5 files
2025-11-28 09:15:43,139 - Knowledge - INFO - process ingested knowledge for /Users/veera/Documents/kavia-backend/graphnode-backend-api/data/rdk7542/786/b4400wa/entservices-deviceanddisplay-786/DeviceDiagnostics/CHANGELOG.md
2025-11-28 09:15:43,145 - Knowledge - WARNING - File /Users/veera/Documents/kavia-backend/graphnode-backend-api/data/rdk7542/786/b4400wa/entservices-deviceanddisplay-786/FrameRate/FrameRate.h not successfully processed
2025-11-28 09:15:43,146 - Knowledge - WARNING - File /Users/veera/Documents/kavia-backend/graphnode-backend-api/data/rdk7542/786/b4400wa/entservices-deviceanddisplay-786/FrameRate/FrameRateImplementation.h not successfully processed
2025-11-28 09:15:43,167 - Knowledge - WARNING - File /Users/veera/Documents/kavia-backend/graphnode-backend-api/data/rdk7542/786/b4400wa/entservices-deviceanddisplay-786/DisplayInfo/RPI/PlatformImplementation.cpp not successfully processed
2025-11-28 09:15:43,168 - Knowledge - WARNING - File /Users/veera/Documents/kavia-backend/graphnode-backend-api/data/rdk7542/786/b4400wa/entservices-deviceanddisplay-786/DisplayInfo/DisplayInfo.cpp not successfully processed
2025-11-28 09:15:43,201 - Knowledge - WARNING - File /Users/veera/Documents/kavia-backend/graphnode-backend-api/data/rdk7542/786/b4400wa/entservices-deviceanddisplay-786/SystemServices/SystemServices.h not successfully processed
2025-11-28 09:15:43,201 - Knowledge - INFO - process ingested knowledge for /Users/veera/Documents/kavia-backend/graphnode-backend-api/data/rdk7542/786/b4400wa/entservices-deviceanddisplay-786/DisplayInfo/CMakeLists.txt
2025-11-28 09:15:43,215 - Knowledge - INFO - process ingested knowledge for /Users/veera/Documents/kavia-backend/graphnode-backend-api/data/rdk7542/786/b4400wa/entservices-deviceanddisplay-786/DeviceDiagnostics/Module.cpp
2025-11-28 09:15:43,215 - Knowledge - INFO - Processing batch of 8 files
2025-11-28 09:15:43,216 - Knowledge - INFO - process ingested knowledge for /Users/veera/Documents/kavia-backend/graphnode-backend-api/data/rdk7542/786/b4400wa/entservices-deviceanddisplay-786/DisplayInfo/Module.h
2025-11-28 09:15:43,238 - Knowledge - INFO - Processing batch of 7 files
2025-11-28 09:15:43,240 - Knowledge - INFO - process ingested knowledge for /Users/veera/Documents/kavia-backend/graphnode-backend-api/data/rdk7542/786/b4400wa/entservices-deviceanddisplay-786/SystemServices/platformcaps/platformcaps.h
2025-11-28 09:15:43,240 - Knowledge - WARNING - File /Users/veera/Documents/kavia-backend/graphnode-backend-api/data/rdk7542/786/b4400wa/entservices-deviceanddisplay-786/DeviceInfo/Implementation/DeviceVideoCapabilities.cpp not successfully processed
2025-11-28 09:15:43,240 - Knowledge - WARNING - File /Users/veera/Documents/kavia-backend/graphnode-backend-api/data/rdk7542/786/b4400wa/entservices-deviceanddisplay-786/helpers/UtilsgetFileContent.h not successfully processed
2025-11-28 09:15:43,322 - Knowledge - WARNING - File /Users/veera/Documents/kavia-backend/graphnode-backend-api/data/rdk7542/786/b4400wa/entservices-deviceanddisplay-786/SystemServices/uploadlogs.cpp not successfully processed
2025-11-28 09:15:43,322 - Knowledge - WARNING - File /Users/veera/Documents/kavia-backend/graphnode-backend-api/data/rdk7542/786/b4400wa/entservices-deviceanddisplay-786/SystemServices/platformcaps/platformcapsdata.h not successfully processed
2025-11-28 09:15:43,322 - Knowledge - WARNING - File /Users/veera/Documents/kavia-backend/graphnode-backend-api/data/rdk7542/786/b4400wa/entservices-deviceanddisplay-786/SystemServices/platformcaps/platformcapsdata.cpp not successfully processed
2025-11-28 09:15:43,322 - Knowledge - INFO - Processing batch of 7 files
2025-11-28 09:15:43,323 - Knowledge - INFO - process ingested knowledge for /Users/veera/Documents/kavia-backend/graphnode-backend-api/data/rdk7542/786/b4400wa/entservices-deviceanddisplay-786/FrameRate/Module.h
2025-11-28 09:15:43,329 - Knowledge - INFO - process ingested knowledge for /Users/veera/Documents/kavia-backend/graphnode-backend-api/data/rdk7542/786/b4400wa/entservices-deviceanddisplay-786/DisplayInfo/DeviceSettings/RPI/kms.h
2025-11-28 09:15:43,329 - Knowledge - WARNING - File /Users/veera/Documents/kavia-backend/graphnode-backend-api/data/rdk7542/786/b4400wa/entservices-deviceanddisplay-786/DeviceDiagnostics/DeviceDiagnosticsImplementation.h not successfully processed
2025-11-28 09:15:43,330 - Knowledge - INFO - process ingested knowledge for /Users/veera/Documents/kavia-backend/graphnode-backend-api/data/rdk7542/786/b4400wa/entservices-deviceanddisplay-786/DeviceDiagnostics/README.md
2025-11-28 09:15:43,330 - Knowledge - INFO - Processing batch of 6 files
2025-11-28 09:15:43,330 - Knowledge - INFO - process ingested knowledge for /Users/veera/Documents/kavia-backend/graphnode-backend-api/data/rdk7542/786/b4400wa/entservices-deviceanddisplay-786/DisplayInfo/DisplayInfoTracing.h
2025-11-28 09:15:43,349 - Knowledge - INFO - process ingested knowledge for /Users/veera/Documents/kavia-backend/graphnode-backend-api/data/rdk7542/786/b4400wa/entservices-deviceanddisplay-786/Warehouse/cmake/FindIARMBus.cmake
2025-11-28 09:15:43,376 - Knowledge - INFO - process ingested knowledge for /Users/veera/Documents/kavia-backend/graphnode-backend-api/data/rdk7542/786/b4400wa/entservices-deviceanddisplay-786/SystemServices/cTimer.cpp
2025-11-28 09:15:43,390 - Knowledge - WARNING - File /Users/veera/Documents/kavia-backend/graphnode-backend-api/data/rdk7542/786/b4400wa/entservices-deviceanddisplay-786/helpers/WebSockets/CommunicationInterface/JsonRpcInterface.h not successfully processed
2025-11-28 09:15:43,390 - Knowledge - INFO - Processing batch of 6 files
2025-11-28 09:15:43,390 - Knowledge - INFO - process ingested knowledge for /Users/veera/Documents/kavia-backend/graphnode-backend-api/data/rdk7542/786/b4400wa/entservices-deviceanddisplay-786/helpers/UtilsBIT.h
2025-11-28 09:15:43,392 - Knowledge - INFO - Processing batch of 6 files
2025-11-28 09:15:43,392 - Knowledge - INFO - process ingested knowledge for /Users/veera/Documents/kavia-backend/graphnode-backend-api/data/rdk7542/786/b4400wa/entservices-deviceanddisplay-786/helpers/WebSockets/PingPong/PingPongDisabled.h
2025-11-28 09:15:43,400 - Knowledge - INFO - [WEBSOCKET] Sent: Type=progress_update, Size: 271, Duration: 0ms
2025-11-28 09:15:43,400 - Knowledge - INFO - process ingested knowledge for /Users/veera/Documents/kavia-backend/graphnode-backend-api/data/rdk7542/786/b4400wa/entservices-deviceanddisplay-786/CONTRIBUTING.md
2025-11-28 09:15:43,403 - Knowledge - INFO - [WEBSOCKET] Sent: Type=unknown, Size: ?, Duration: 2ms
2025-11-28 09:15:43,403 - Knowledge - INFO - Progress: 59.2% | Files: 152/255 | Rate: 1.64 files/sec | Queue: 0
2025-11-28 09:15:43,434 - Knowledge - INFO - process ingested knowledge for /Users/veera/Documents/kavia-backend/graphnode-backend-api/data/rdk7542/786/b4400wa/entservices-deviceanddisplay-786/DeviceDiagnostics/Module.h
2025-11-28 09:15:43,435 - Knowledge - INFO - process ingested knowledge for /Users/veera/Documents/kavia-backend/graphnode-backend-api/data/rdk7542/786/b4400wa/entservices-deviceanddisplay-786/Warehouse/CHANGELOG.md
2025-11-28 09:15:43,435 - Knowledge - INFO - process ingested knowledge for /Users/veera/Documents/kavia-backend/graphnode-backend-api/data/rdk7542/786/b4400wa/entservices-deviceanddisplay-786/SystemServices/cTimer.h
2025-11-28 09:15:43,440 - Knowledge - WARNING - File /Users/veera/Documents/kavia-backend/graphnode-backend-api/data/rdk7542/786/b4400wa/entservices-deviceanddisplay-786/PowerManager/ThermalController.h not successfully processed
2025-11-28 09:15:43,441 - Knowledge - INFO - Processing batch of 7 files
2025-11-28 09:15:43,441 - Knowledge - INFO - process ingested knowledge for /Users/veera/Documents/kavia-backend/graphnode-backend-api/data/rdk7542/786/b4400wa/entservices-deviceanddisplay-786/SystemServices/SystemServices.cpp
2025-11-28 09:15:43,443 - Knowledge - WARNING - File /Users/veera/Documents/kavia-backend/graphnode-backend-api/data/rdk7542/786/b4400wa/entservices-deviceanddisplay-786/PowerManager/hal/DeepSleepImpl.h not successfully processed
2025-11-28 09:15:43,444 - Knowledge - WARNING - File /Users/veera/Documents/kavia-backend/graphnode-backend-api/data/rdk7542/786/b4400wa/entservices-deviceanddisplay-786/DisplayInfo/Linux/DRMConnector.h not successfully processed
2025-11-28 09:15:43,444 - Knowledge - INFO - Processing batch of 8 files
2025-11-28 09:15:43,444 - Knowledge - INFO - process ingested knowledge for /Users/veera/Documents/kavia-backend/graphnode-backend-api/data/rdk7542/786/b4400wa/entservices-deviceanddisplay-786/DisplayInfo/cmake/FindLibDRM.cmake
2025-11-28 09:15:43,461 - Knowledge - INFO - process ingested knowledge for /Users/veera/Documents/kavia-backend/graphnode-backend-api/data/rdk7542/786/b4400wa/entservices-deviceanddisplay-786/helpers/UtilsProcess.h
2025-11-28 09:15:43,461 - Knowledge - INFO - process ingested knowledge for /Users/veera/Documents/kavia-backend/graphnode-backend-api/data/rdk7542/786/b4400wa/entservices-deviceanddisplay-786/SystemServices/CMakeLists.txt
2025-11-28 09:15:43,461 - Knowledge - INFO - process ingested knowledge for /Users/veera/Documents/kavia-backend/graphnode-backend-api/data/rdk7542/786/b4400wa/entservices-deviceanddisplay-786/DisplayInfo/DeviceSettings/SoC_abstraction.h
2025-11-28 09:15:43,461 - Knowledge - INFO - Processing batch of 13 files
2025-11-28 09:15:43,461 - Knowledge - INFO - process ingested knowledge for /Users/veera/Documents/kavia-backend/graphnode-backend-api/data/rdk7542/786/b4400wa/entservices-deviceanddisplay-786/SystemMode/CMakeLists.txt
2025-11-28 09:15:43,463 - Knowledge - INFO - process ingested knowledge for /Users/veera/Documents/kavia-backend/graphnode-backend-api/data/rdk7542/786/b4400wa/entservices-deviceanddisplay-786/helpers/PowerManagerInterface.h
2025-11-28 09:15:43,464 - Knowledge - INFO - process ingested knowledge for /Users/veera/Documents/kavia-backend/graphnode-backend-api/data/rdk7542/786/b4400wa/entservices-deviceanddisplay-786/Warehouse/Module.cpp
2025-11-28 09:15:43,464 - Knowledge - INFO - process ingested knowledge for /Users/veera/Documents/kavia-backend/graphnode-backend-api/data/rdk7542/786/b4400wa/entservices-deviceanddisplay-786/SystemServices/TestClient/CMakeLists.txt
2025-11-28 09:15:43,464 - Knowledge - INFO - process ingested knowledge for /Users/veera/Documents/kavia-backend/graphnode-backend-api/data/rdk7542/786/b4400wa/entservices-deviceanddisplay-786/SystemServices/thermonitor.h
2025-11-28 09:15:43,465 - Knowledge - INFO - process ingested knowledge for /Users/veera/Documents/kavia-backend/graphnode-backend-api/data/rdk7542/786/b4400wa/entservices-deviceanddisplay-786/DisplayInfo/cmake/FindGStreamer.cmake
2025-11-28 09:15:43,465 - Knowledge - INFO - process ingested knowledge for /Users/veera/Documents/kavia-backend/graphnode-backend-api/data/rdk7542/786/b4400wa/entservices-deviceanddisplay-786/helpers/UtilsSearchRDKProfile.h
2025-11-28 09:15:43,465 - Knowledge - INFO - process ingested knowledge for /Users/veera/Documents/kavia-backend/graphnode-backend-api/data/rdk7542/786/b4400wa/entservices-deviceanddisplay-786/SystemServices/cmake/FindDS.cmake
2025-11-28 09:15:43,465 - Knowledge - INFO - process ingested knowledge for /Users/veera/Documents/kavia-backend/graphnode-backend-api/data/rdk7542/786/b4400wa/entservices-deviceanddisplay-786/Warehouse/README.md
2025-11-28 09:15:43,465 - Knowledge - INFO - process ingested knowledge for /Users/veera/Documents/kavia-backend/graphnode-backend-api/data/rdk7542/786/b4400wa/entservices-deviceanddisplay-786/DisplayInfo/cmake/FindNEXUS.cmake
2025-11-28 09:15:43,471 - Knowledge - INFO - process ingested knowledge for /Users/veera/Documents/kavia-backend/graphnode-backend-api/data/rdk7542/786/b4400wa/entservices-deviceanddisplay-786/SystemServices/cmake/FindIARMBus.cmake
2025-11-28 09:15:43,472 - Knowledge - INFO - process ingested knowledge for /Users/veera/Documents/kavia-backend/graphnode-backend-api/data/rdk7542/786/b4400wa/entservices-deviceanddisplay-786/UserPreferences/CMakeLists.txt
2025-11-28 09:15:43,472 - Knowledge - INFO - process ingested knowledge for /Users/veera/Documents/kavia-backend/graphnode-backend-api/data/rdk7542/786/b4400wa/entservices-deviceanddisplay-786/Warehouse/Module.h
2025-11-28 09:15:43,478 - Knowledge - INFO - Processing batch of 9 files
2025-11-28 09:15:43,478 - Knowledge - INFO - process ingested knowledge for /Users/veera/Documents/kavia-backend/graphnode-backend-api/data/rdk7542/786/b4400wa/entservices-deviceanddisplay-786/helpers/WebSockets/CommunicationInterface/BinaryInterface.h
2025-11-28 09:15:43,479 - Knowledge - WARNING - File /Users/veera/Documents/kavia-backend/graphnode-backend-api/data/rdk7542/786/b4400wa/entservices-deviceanddisplay-786/PowerManager/hal/ThermalImpl.h not successfully processed
2025-11-28 09:15:43,479 - Knowledge - WARNING - File /Users/veera/Documents/kavia-backend/graphnode-backend-api/data/rdk7542/786/b4400wa/entservices-deviceanddisplay-786/PowerManager/hal/ThermalMfrImpl.h not successfully processed
2025-11-28 09:15:43,479 - Knowledge - INFO - Processing batch of 7 files
2025-11-28 09:15:43,479 - Knowledge - INFO - process ingested knowledge for /Users/veera/Documents/kavia-backend/graphnode-backend-api/data/rdk7542/786/b4400wa/entservices-deviceanddisplay-786/PowerManager/RebootController.h
2025-11-28 09:15:43,496 - Knowledge - INFO - process ingested knowledge for /Users/veera/Documents/kavia-backend/graphnode-backend-api/data/rdk7542/786/b4400wa/entservices-deviceanddisplay-786/helpers/UtilsThreadRAII.h
2025-11-28 09:15:43,497 - Knowledge - INFO - process ingested knowledge for /Users/veera/Documents/kavia-backend/graphnode-backend-api/data/rdk7542/786/b4400wa/entservices-deviceanddisplay-786/DisplayInfo/cmake/FindBCM_HOST.cmake
2025-11-28 09:15:43,497 - Knowledge - INFO - process ingested knowledge for /Users/veera/Documents/kavia-backend/graphnode-backend-api/data/rdk7542/786/b4400wa/entservices-deviceanddisplay-786/helpers/WebSockets/ConnectionInitializationResult.h
2025-11-28 09:15:43,498 - Knowledge - INFO - process ingested knowledge for /Users/veera/Documents/kavia-backend/graphnode-backend-api/data/rdk7542/786/b4400wa/entservices-deviceanddisplay-786/SystemMode/CHANGELOG.md
2025-11-28 09:15:43,498 - Knowledge - INFO - process ingested knowledge for /Users/veera/Documents/kavia-backend/graphnode-backend-api/data/rdk7542/786/b4400wa/entservices-deviceanddisplay-786/README.md
2025-11-28 09:15:43,498 - Knowledge - INFO - process ingested knowledge for /Users/veera/Documents/kavia-backend/graphnode-backend-api/data/rdk7542/786/b4400wa/entservices-deviceanddisplay-786/PowerManager/CMakeLists.txt
2025-11-28 09:15:43,498 - Knowledge - INFO - process ingested knowledge for /Users/veera/Documents/kavia-backend/graphnode-backend-api/data/rdk7542/786/b4400wa/entservices-deviceanddisplay-786/SystemServices/CHANGELOG.md
2025-11-28 09:15:43,498 - Knowledge - INFO - process ingested knowledge for /Users/veera/Documents/kavia-backend/graphnode-backend-api/data/rdk7542/786/b4400wa/entservices-deviceanddisplay-786/DisplayInfo/cmake/FindNXCLIENT.cmake
2025-11-28 09:15:43,498 - Knowledge - INFO - process ingested knowledge for /Users/veera/Documents/kavia-backend/graphnode-backend-api/data/rdk7542/786/b4400wa/entservices-deviceanddisplay-786/UserPreferences/CHANGELOG.md
2025-11-28 09:15:43,522 - Knowledge - INFO - process ingested knowledge for /Users/veera/Documents/kavia-backend/graphnode-backend-api/data/rdk7542/786/b4400wa/entservices-deviceanddisplay-786/helpers/WebSockets/WSEndpoint.h
2025-11-28 09:15:43,522 - Knowledge - INFO - process ingested knowledge for /Users/veera/Documents/kavia-backend/graphnode-backend-api/data/rdk7542/786/b4400wa/entservices-deviceanddisplay-786/DeviceDiagnostics/CMakeLists.txt
2025-11-28 09:15:43,522 - Knowledge - INFO - process ingested knowledge for /Users/veera/Documents/kavia-backend/graphnode-backend-api/data/rdk7542/786/b4400wa/entservices-deviceanddisplay-786/SystemMode/Module.cpp
2025-11-28 09:15:43,525 - Knowledge - INFO - process ingested knowledge for /Users/veera/Documents/kavia-backend/graphnode-backend-api/data/rdk7542/786/b4400wa/entservices-deviceanddisplay-786/helpers/UtilsCStr.h
2025-11-28 09:15:43,525 - Knowledge - INFO - process ingested knowledge for /Users/veera/Documents/kavia-backend/graphnode-backend-api/data/rdk7542/786/b4400wa/entservices-deviceanddisplay-786/DisplayInfo/CHANGELOG.md
2025-11-28 09:15:43,525 - Knowledge - INFO - process ingested knowledge for /Users/veera/Documents/kavia-backend/graphnode-backend-api/data/rdk7542/786/b4400wa/entservices-deviceanddisplay-786/UserPreferences/Module.cpp
2025-11-28 09:15:43,569 - Knowledge - INFO - process ingested knowledge for /Users/veera/Documents/kavia-backend/graphnode-backend-api/data/rdk7542/786/b4400wa/entservices-deviceanddisplay-786/helpers/UtilsisValidInt.h
2025-11-28 09:15:43,572 - Knowledge - INFO - process ingested knowledge for /Users/veera/Documents/kavia-backend/graphnode-backend-api/data/rdk7542/786/b4400wa/entservices-deviceanddisplay-786/helpers/WebSockets/CommunicationInterface/CommandInterface.h
2025-11-28 09:15:43,572 - Knowledge - INFO - process ingested knowledge for /Users/veera/Documents/kavia-backend/graphnode-backend-api/data/rdk7542/786/b4400wa/entservices-deviceanddisplay-786/SystemServices/Module.cpp
2025-11-28 09:15:43,572 - Knowledge - INFO - process ingested knowledge for /Users/veera/Documents/kavia-backend/graphnode-backend-api/data/rdk7542/786/b4400wa/entservices-deviceanddisplay-786/SystemServices/TestClient/Module.h
2025-11-28 09:15:43,573 - Knowledge - INFO - process ingested knowledge for /Users/veera/Documents/kavia-backend/graphnode-backend-api/data/rdk7542/786/b4400wa/entservices-deviceanddisplay-786/DisplayInfo/Module.cpp
2025-11-28 09:15:43,573 - Knowledge - INFO - process ingested knowledge for /Users/veera/Documents/kavia-backend/graphnode-backend-api/data/rdk7542/786/b4400wa/entservices-deviceanddisplay-786/UserPreferences/README.md
2025-11-28 09:15:43,573 - Knowledge - INFO - process ingested knowledge for /Users/veera/Documents/kavia-backend/graphnode-backend-api/data/rdk7542/786/b4400wa/entservices-deviceanddisplay-786/helpers/WebSockets/Encryption/NoEncryption.h
2025-11-28 09:15:43,594 - Knowledge - INFO - process ingested knowledge for /Users/veera/Documents/kavia-backend/graphnode-backend-api/data/rdk7542/786/b4400wa/entservices-deviceanddisplay-786/helpers/UtilsTelemetry.h
2025-11-28 09:15:43,638 - Knowledge - INFO - process ingested knowledge for /Users/veera/Documents/kavia-backend/graphnode-backend-api/data/rdk7542/786/b4400wa/entservices-deviceanddisplay-786/SystemMode/SystemMode.h
2025-11-28 09:15:43,641 - Knowledge - INFO - process ingested knowledge for /Users/veera/Documents/kavia-backend/graphnode-backend-api/data/rdk7542/786/b4400wa/entservices-deviceanddisplay-786/SystemServices/uploadlogs.h
2025-11-28 09:15:43,641 - Knowledge - INFO - process ingested knowledge for /Users/veera/Documents/kavia-backend/graphnode-backend-api/data/rdk7542/786/b4400wa/entservices-deviceanddisplay-786/DisplayInfo/DisplayInfoJsonRpc.cpp
2025-11-28 09:15:43,642 - Knowledge - INFO - process ingested knowledge for /Users/veera/Documents/kavia-backend/graphnode-backend-api/data/rdk7542/786/b4400wa/entservices-deviceanddisplay-786/PowerManager/PowerUtils.h
2025-11-28 09:15:43,642 - Knowledge - INFO - process ingested knowledge for /Users/veera/Documents/kavia-backend/graphnode-backend-api/data/rdk7542/786/b4400wa/entservices-deviceanddisplay-786/services.cmake
2025-11-28 09:15:43,691 - Knowledge - INFO - process ingested knowledge for /Users/veera/Documents/kavia-backend/graphnode-backend-api/data/rdk7542/786/b4400wa/entservices-deviceanddisplay-786/helpers/UtilsLogging.h
2025-11-28 09:15:43,757 - Knowledge - INFO - process ingested knowledge for /Users/veera/Documents/kavia-backend/graphnode-backend-api/data/rdk7542/786/b4400wa/entservices-deviceanddisplay-786/SystemMode/SystemModeImplementation.h
2025-11-28 09:15:43,916 - Knowledge - INFO - process ingested knowledge for /Users/veera/Documents/kavia-backend/graphnode-backend-api/data/rdk7542/786/b4400wa/entservices-deviceanddisplay-786/SystemServices/Module.h
2025-11-28 09:15:43,917 - Knowledge - INFO - process ingested knowledge for /Users/veera/Documents/kavia-backend/graphnode-backend-api/data/rdk7542/786/b4400wa/entservices-deviceanddisplay-786/helpers/WebSockets/JsonRpc/Notification.h
2025-11-28 09:15:44,030 - Knowledge - INFO - process ingested knowledge for /Users/veera/Documents/kavia-backend/graphnode-backend-api/data/rdk7542/786/b4400wa/entservices-deviceanddisplay-786/SystemMode/Module.h
2025-11-28 09:15:44,142 - Knowledge - INFO - process ingested knowledge for /Users/veera/Documents/kavia-backend/graphnode-backend-api/data/rdk7542/786/b4400wa/entservices-deviceanddisplay-786/UserPreferences/Module.h
2025-11-28 09:15:44,205 - Knowledge - INFO - process ingested knowledge for /Users/veera/Documents/kavia-backend/graphnode-backend-api/data/rdk7542/786/b4400wa/entservices-deviceanddisplay-786/FrameRate/CMakeLists.txt
2025-11-28 09:15:44,284 - Knowledge - INFO - Processing batch of 9 files
2025-11-28 09:15:44,284 - Knowledge - INFO - process ingested knowledge for /Users/veera/Documents/kavia-backend/graphnode-backend-api/data/rdk7542/786/b4400wa/entservices-deviceanddisplay-786/Tests/L1Tests/tests/test_DeviceVideoCapabilities.cpp
2025-11-28 09:15:44,517 - Knowledge - INFO - process ingested knowledge for /Users/veera/Documents/kavia-backend/graphnode-backend-api/data/rdk7542/786/b4400wa/entservices-deviceanddisplay-786/helpers/WebSockets/JsonRpc/Response.h
2025-11-28 09:15:44,539 - Knowledge - INFO - process ingested knowledge for /Users/veera/Documents/kavia-backend/graphnode-backend-api/data/rdk7542/786/b4400wa/entservices-deviceanddisplay-786/FrameRate/CHANGELOG.md
2025-11-28 09:15:44,562 - Knowledge - INFO - process ingested knowledge for /Users/veera/Documents/kavia-backend/graphnode-backend-api/data/rdk7542/786/b4400wa/entservices-deviceanddisplay-786/Tests/L1Tests/tests/test_DeviceInfoJsonRpc.cpp
2025-11-28 09:15:44,562 - Knowledge - INFO - process ingested knowledge for /Users/veera/Documents/kavia-backend/graphnode-backend-api/data/rdk7542/786/b4400wa/entservices-deviceanddisplay-786/CMakeLists.txt
2025-11-28 09:15:44,627 - Knowledge - ERROR - Timeout processing /Users/veera/Documents/kavia-backend/graphnode-backend-api/data/rdk7542/786/b4400wa/entservices-deviceanddisplay-786/helpers/frontpanel.cpp after 90s
2025-11-28 09:15:44,628 - Knowledge - ERROR - Timeout processing /Users/veera/Documents/kavia-backend/graphnode-backend-api/data/rdk7542/786/b4400wa/entservices-deviceanddisplay-786/helpers/UtilsInputValidator.h after 90s
2025-11-28 09:15:44,629 - Knowledge - ERROR - Timeout processing /Users/veera/Documents/kavia-backend/graphnode-backend-api/data/rdk7542/786/b4400wa/entservices-deviceanddisplay-786/helpers/PluginInterfaceBuilder.h after 90s
2025-11-28 09:15:44,629 - Knowledge - ERROR - Timeout processing /Users/veera/Documents/kavia-backend/graphnode-backend-api/data/rdk7542/786/b4400wa/entservices-deviceanddisplay-786/helpers/UtilsSynchro.hpp after 90s
2025-11-28 09:15:44,629 - Knowledge - ERROR - Timeout processing /Users/veera/Documents/kavia-backend/graphnode-backend-api/data/rdk7542/786/b4400wa/entservices-deviceanddisplay-786/helpers/UtilsController.h after 90s
2025-11-28 09:15:44,667 - Knowledge - INFO - process ingested knowledge for /Users/veera/Documents/kavia-backend/graphnode-backend-api/data/rdk7542/786/b4400wa/entservices-deviceanddisplay-786/PowerManager/CHANGELOG.md
2025-11-28 09:15:44,667 - Knowledge - INFO - process ingested knowledge for /Users/veera/Documents/kavia-backend/graphnode-backend-api/data/rdk7542/786/b4400wa/entservices-deviceanddisplay-786/helpers/WebSockets/JsonRpc/Notification.cpp
2025-11-28 09:15:44,777 - Knowledge - INFO - process ingested knowledge for /Users/veera/Documents/kavia-backend/graphnode-backend-api/data/rdk7542/786/b4400wa/entservices-deviceanddisplay-786/Tests/L1Tests/tests/test_UtilsFile.cpp
2025-11-28 09:15:44,795 - Knowledge - INFO - process ingested knowledge for /Users/veera/Documents/kavia-backend/graphnode-backend-api/data/rdk7542/786/b4400wa/entservices-deviceanddisplay-786/cmake/FindAamp.cmake
2025-11-28 09:15:44,870 - Knowledge - INFO - process ingested knowledge for /Users/veera/Documents/kavia-backend/graphnode-backend-api/data/rdk7542/786/b4400wa/entservices-deviceanddisplay-786/helpers/WebSockets/JsonRpc/Request.cpp
2025-11-28 09:15:44,941 - Knowledge - ERROR - Timeout processing /Users/veera/Documents/kavia-backend/graphnode-backend-api/data/rdk7542/786/b4400wa/entservices-deviceanddisplay-786/helpers/UtilsSynchroIarm.hpp after 90s
2025-11-28 09:15:44,942 - Knowledge - ERROR - Timeout processing /Users/veera/Documents/kavia-backend/graphnode-backend-api/data/rdk7542/786/b4400wa/entservices-deviceanddisplay-786/cov_build.sh after 90s
2025-11-28 09:15:45,048 - Knowledge - INFO - process ingested knowledge for /Users/veera/Documents/kavia-backend/graphnode-backend-api/data/rdk7542/786/b4400wa/entservices-deviceanddisplay-786/DeviceInfo/CMakeLists.txt
2025-11-28 09:15:45,048 - Knowledge - INFO - process ingested knowledge for /Users/veera/Documents/kavia-backend/graphnode-backend-api/data/rdk7542/786/b4400wa/entservices-deviceanddisplay-786/cmake/FindPlabels.cmake
2025-11-28 09:15:45,107 - Knowledge - INFO - Processing batch of 14 files
2025-11-28 09:15:45,128 - Knowledge - INFO - process ingested knowledge for /Users/veera/Documents/kavia-backend/graphnode-backend-api/data/rdk7542/786/b4400wa/entservices-deviceanddisplay-786/DisplaySettings/Module.h
2025-11-28 09:15:45,129 - Knowledge - INFO - process ingested knowledge for /Users/veera/Documents/kavia-backend/graphnode-backend-api/data/rdk7542/786/b4400wa/entservices-deviceanddisplay-786/FrameRate/Module.cpp
2025-11-28 09:15:45,154 - Knowledge - INFO - process ingested knowledge for /Users/veera/Documents/kavia-backend/graphnode-backend-api/data/rdk7542/786/b4400wa/entservices-deviceanddisplay-786/DeviceInfo/CHANGELOG.md
2025-11-28 09:15:45,190 - Knowledge - WARNING - File /Users/veera/Documents/kavia-backend/graphnode-backend-api/data/rdk7542/786/b4400wa/entservices-deviceanddisplay-786/helpers/frontpanel.cpp not successfully processed
2025-11-28 09:15:45,190 - Knowledge - WARNING - File /Users/veera/Documents/kavia-backend/graphnode-backend-api/data/rdk7542/786/b4400wa/entservices-deviceanddisplay-786/helpers/UtilsInputValidator.h not successfully processed
2025-11-28 09:15:45,190 - Knowledge - WARNING - File /Users/veera/Documents/kavia-backend/graphnode-backend-api/data/rdk7542/786/b4400wa/entservices-deviceanddisplay-786/helpers/PluginInterfaceBuilder.h not successfully processed
2025-11-28 09:15:45,190 - Knowledge - WARNING - File /Users/veera/Documents/kavia-backend/graphnode-backend-api/data/rdk7542/786/b4400wa/entservices-deviceanddisplay-786/helpers/UtilsSynchro.hpp not successfully processed
2025-11-28 09:15:45,200 - Knowledge - INFO - process ingested knowledge for /Users/veera/Documents/kavia-backend/graphnode-backend-api/data/rdk7542/786/b4400wa/entservices-deviceanddisplay-786/PowerManager/LambdaJob.h
2025-11-28 09:15:45,200 - Knowledge - INFO - process ingested knowledge for /Users/veera/Documents/kavia-backend/graphnode-backend-api/data/rdk7542/786/b4400wa/entservices-deviceanddisplay-786/Tests/entServicesCOMRPC-FrameRateTest.cpp
2025-11-28 09:15:45,265 - Knowledge - INFO - process ingested knowledge for /Users/veera/Documents/kavia-backend/graphnode-backend-api/data/rdk7542/786/b4400wa/entservices-deviceanddisplay-786/cmake/FindCTRLM.cmake
2025-11-28 09:15:45,287 - Knowledge - INFO - process ingested knowledge for /Users/veera/Documents/kavia-backend/graphnode-backend-api/data/rdk7542/786/b4400wa/entservices-deviceanddisplay-786/DeviceInfo/Module.cpp
2025-11-28 09:15:45,352 - Knowledge - INFO - process ingested knowledge for /Users/veera/Documents/kavia-backend/graphnode-backend-api/data/rdk7542/786/b4400wa/entservices-deviceanddisplay-786/Tests/gcc-with-coverage.cmake
2025-11-28 09:15:45,355 - Knowledge - INFO - process ingested knowledge for /Users/veera/Documents/kavia-backend/graphnode-backend-api/data/rdk7542/786/b4400wa/entservices-deviceanddisplay-786/helpers/WebSockets/JsonRpc/Response.cpp
2025-11-28 09:15:45,355 - Knowledge - INFO - process ingested knowledge for /Users/veera/Documents/kavia-backend/graphnode-backend-api/data/rdk7542/786/b4400wa/entservices-deviceanddisplay-786/cmake/FindNopoll.cmake
2025-11-28 09:15:45,356 - Knowledge - INFO - process ingested knowledge for /Users/veera/Documents/kavia-backend/graphnode-backend-api/data/rdk7542/786/b4400wa/entservices-deviceanddisplay-786/DeviceInfo/Implementation/DeviceAudioCapabilities.h
2025-11-28 09:15:45,377 - Knowledge - INFO - process ingested knowledge for /Users/veera/Documents/kavia-backend/graphnode-backend-api/data/rdk7542/786/b4400wa/entservices-deviceanddisplay-786/PowerManager/hal/Power.h
2025-11-28 09:15:45,468 - Knowledge - WARNING - File /Users/veera/Documents/kavia-backend/graphnode-backend-api/data/rdk7542/786/b4400wa/entservices-deviceanddisplay-786/helpers/UtilsController.h not successfully processed
2025-11-28 09:15:45,576 - Knowledge - INFO - process ingested knowledge for /Users/veera/Documents/kavia-backend/graphnode-backend-api/data/rdk7542/786/b4400wa/entservices-deviceanddisplay-786/FrameRate/README.md
2025-11-28 09:15:45,620 - Knowledge - INFO - process ingested knowledge for /Users/veera/Documents/kavia-backend/graphnode-backend-api/data/rdk7542/786/b4400wa/entservices-deviceanddisplay-786/helpers/WebSockets/JsonRpc/Request.h
2025-11-28 09:15:45,620 - Knowledge - INFO - process ingested knowledge for /Users/veera/Documents/kavia-backend/graphnode-backend-api/data/rdk7542/786/b4400wa/entservices-deviceanddisplay-786/cmake/FindLMPLAYER.cmake
2025-11-28 09:15:45,620 - Knowledge - INFO - process ingested knowledge for /Users/veera/Documents/kavia-backend/graphnode-backend-api/data/rdk7542/786/b4400wa/entservices-deviceanddisplay-786/DeviceInfo/Implementation/DeviceVideoCapabilities.h
2025-11-28 09:15:45,668 - Knowledge - INFO - process ingested knowledge for /Users/veera/Documents/kavia-backend/graphnode-backend-api/data/rdk7542/786/b4400wa/entservices-deviceanddisplay-786/PowerManager/hal/DeepSleep.h
2025-11-28 09:15:45,744 - Knowledge - INFO - Processing batch of 5 files
2025-11-28 09:15:45,744 - Knowledge - INFO - process ingested knowledge for /Users/veera/Documents/kavia-backend/graphnode-backend-api/data/rdk7542/786/b4400wa/entservices-deviceanddisplay-786/helpers/UtilsIarm.h
2025-11-28 09:15:45,755 - Knowledge - INFO - process ingested knowledge for /Users/veera/Documents/kavia-backend/graphnode-backend-api/data/rdk7542/786/b4400wa/entservices-deviceanddisplay-786/helpers/WebSockets/Roles/Client.h
2025-11-28 09:15:45,755 - Knowledge - INFO - process ingested knowledge for /Users/veera/Documents/kavia-backend/graphnode-backend-api/data/rdk7542/786/b4400wa/entservices-deviceanddisplay-786/cmake/FindCurl.cmake
2025-11-28 09:15:45,870 - Knowledge - INFO - process ingested knowledge for /Users/veera/Documents/kavia-backend/graphnode-backend-api/data/rdk7542/786/b4400wa/entservices-deviceanddisplay-786/DeviceInfo/Implementation/DeviceInfo.h
2025-11-28 09:15:45,986 - Knowledge - INFO - process ingested knowledge for /Users/veera/Documents/kavia-backend/graphnode-backend-api/data/rdk7542/786/b4400wa/entservices-deviceanddisplay-786/helpers/UtilsLOG_MILESTONE.h
2025-11-28 09:15:46,000 - Knowledge - WARNING - File /Users/veera/Documents/kavia-backend/graphnode-backend-api/data/rdk7542/786/b4400wa/entservices-deviceanddisplay-786/helpers/UtilsSynchroIarm.hpp not successfully processed
2025-11-28 09:15:46,000 - Knowledge - WARNING - File /Users/veera/Documents/kavia-backend/graphnode-backend-api/data/rdk7542/786/b4400wa/entservices-deviceanddisplay-786/cov_build.sh not successfully processed
2025-11-28 09:15:46,000 - Knowledge - INFO - Processing batch of 2 files
2025-11-28 09:15:46,000 - Knowledge - INFO - process ingested knowledge for /Users/veera/Documents/kavia-backend/graphnode-backend-api/data/rdk7542/786/b4400wa/entservices-deviceanddisplay-786/helpers/UtilsfileExists.h
2025-11-28 09:15:46,056 - Knowledge - INFO - process ingested knowledge for /Users/veera/Documents/kavia-backend/graphnode-backend-api/data/rdk7542/786/b4400wa/entservices-deviceanddisplay-786/Tests/CMakeLists.txt
2025-11-28 09:15:46,056 - Knowledge - INFO - process ingested knowledge for /Users/veera/Documents/kavia-backend/graphnode-backend-api/data/rdk7542/786/b4400wa/entservices-deviceanddisplay-786/helpers/UtilsgetRFCConfig.h
2025-11-28 09:15:46,123 - Knowledge - INFO - process ingested knowledge for /Users/veera/Documents/kavia-backend/graphnode-backend-api/data/rdk7542/786/b4400wa/entservices-deviceanddisplay-786/helpers/UtilsFile.h
2025-11-28 09:15:46,212 - Knowledge - INFO - process ingested knowledge for /Users/veera/Documents/kavia-backend/graphnode-backend-api/data/rdk7542/786/b4400wa/entservices-deviceanddisplay-786/Tests/L2Tests/CMakeLists.txt
2025-11-28 09:15:46,302 - Knowledge - INFO - process ingested knowledge for /Users/veera/Documents/kavia-backend/graphnode-backend-api/data/rdk7542/786/b4400wa/entservices-deviceanddisplay-786/helpers/UtilssyncPersistFile.h
2025-11-28 09:15:46,398 - Knowledge - INFO - process ingested knowledge for /Users/veera/Documents/kavia-backend/graphnode-backend-api/data/rdk7542/786/b4400wa/entservices-deviceanddisplay-786/helpers/UtilsUnused.h
2025-11-28 09:15:46,464 - Knowledge - INFO - process ingested knowledge for /Users/veera/Documents/kavia-backend/graphnode-backend-api/data/rdk7542/786/b4400wa/entservices-deviceanddisplay-786/Tests/L2Tests/tests/SystemMode_L2Test.cpp
2025-11-28 09:15:46,560 - Knowledge - INFO - [WEBSOCKET] Sent: Type=progress_update, Size: 273, Duration: 0ms
2025-11-28 09:15:46,560 - Knowledge - INFO - [WEBSOCKET] Sent: Type=unknown, Size: ?, Duration: 0ms
2025-11-28 09:15:46,562 - Knowledge - INFO - Progress: 67.8% | Files: 173/255 | Rate: 1.81 files/sec | Queue: 0
2025-11-28 09:15:46,608 - Knowledge - INFO - process ingested knowledge for /Users/veera/Documents/kavia-backend/graphnode-backend-api/data/rdk7542/786/b4400wa/entservices-deviceanddisplay-786/Tests/L2Tests/tests/UserPreferences_L2Test.cpp
2025-11-28 09:15:47,071 - Knowledge - INFO - process ingested knowledge for /Users/veera/Documents/kavia-backend/graphnode-backend-api/data/rdk7542/786/b4400wa/entservices-deviceanddisplay-786/Tests/L2Tests/tests/SystemService_L2Test.cpp
2025-11-28 09:15:47,505 - Knowledge - INFO - process ingested knowledge for /Users/veera/Documents/kavia-backend/graphnode-backend-api/data/rdk7542/786/b4400wa/entservices-deviceanddisplay-786/Tests/L2Tests/tests/Warehouse_L2Test.cpp
2025-11-28 09:15:47,928 - Knowledge - INFO - process ingested knowledge for /Users/veera/Documents/kavia-backend/graphnode-backend-api/data/rdk7542/786/b4400wa/entservices-deviceanddisplay-786/Tests/L2Tests/tests/FrameRate_L2Test.cpp
2025-11-28 09:15:48,195 - Knowledge - INFO - process ingested knowledge for /Users/veera/Documents/kavia-backend/graphnode-backend-api/data/rdk7542/786/b4400wa/entservices-deviceanddisplay-786/Tests/L2Tests/tests/DisplaySettings_L2Test.cpp
2025-11-28 09:15:48,238 - Knowledge - INFO - process ingested knowledge for /Users/veera/Documents/kavia-backend/graphnode-backend-api/data/rdk7542/786/b4400wa/entservices-deviceanddisplay-786/Tests/L2Tests/tests/DeviceDiagnostics_L2Test.cpp
2025-11-28 09:15:48,497 - Knowledge - INFO - process ingested knowledge for /Users/veera/Documents/kavia-backend/graphnode-backend-api/data/rdk7542/786/b4400wa/entservices-deviceanddisplay-786/Tests/L2Tests/tests/PowerManager_L2Test.cpp
2025-11-28 09:15:48,522 - Knowledge - INFO - process ingested knowledge for /Users/veera/Documents/kavia-backend/graphnode-backend-api/data/rdk7542/786/b4400wa/entservices-deviceanddisplay-786/Tests/clang.cmake
2025-11-28 09:15:49,268 - Knowledge - INFO - Knowledge creation complete
2025-11-28 09:15:49,269 - Knowledge - INFO - ==================================================
2025-11-28 09:15:49,269 - Knowledge - INFO - KNOWLEDGE GRAPH GENERATION PERFORMANCE SUMMARY
2025-11-28 09:15:49,269 - Knowledge - INFO - ==================================================
2025-11-28 09:15:49,269 - Knowledge - INFO - Total processing time: 98.45 seconds (1.64 minutes)
2025-11-28 09:15:49,269 - Knowledge - INFO - Files processed: 0
2025-11-28 09:15:49,269 - Knowledge - INFO - Processing rate: 0.00 files/second
2025-11-28 09:15:49,269 - Knowledge - INFO - 
[TIME_BREAKDOWN]
2025-11-28 09:15:49,269 - Knowledge - INFO - File Reading: 0.00s (0.0%)
2025-11-28 09:15:49,269 - Knowledge - INFO - LLM Processing: 68.73s (69.8%)
2025-11-28 09:15:49,269 - Knowledge - INFO - MongoDB Operations: 0.00s (0.0%)
2025-11-28 09:15:49,269 - Knowledge - INFO - Redis Operations: 0.00s (0.0%)
2025-11-28 09:15:49,269 - Knowledge - INFO - WebSocket Communication: 0.02s (0.0%)
2025-11-28 09:15:49,269 - Knowledge - INFO - Other Overhead: 29.69s (30.2%)
2025-11-28 09:15:49,269 - Knowledge - INFO - 
[LLM_STATS]
2025-11-28 09:15:49,269 - Knowledge - INFO - Total LLM calls: 1
2025-11-28 09:15:49,269 - Knowledge - INFO - Average LLM response time: 68732ms
2025-11-28 09:15:49,269 - Knowledge - INFO - Average prompt tokens: 3228.0
2025-11-28 09:15:49,269 - Knowledge - INFO - Average completion tokens: 59.0
2025-11-28 09:15:49,269 - Knowledge - INFO - Total prompt tokens: 3228
2025-11-28 09:15:49,269 - Knowledge - INFO - Total completion tokens: 59
2025-11-28 09:15:49,269 - Knowledge - INFO - Total LLM cost: $0.0003
2025-11-28 09:15:49,269 - Knowledge - INFO - 
[DATABASE_STATS]
2025-11-28 09:15:49,269 - Knowledge - INFO - MongoDB operations: 0
2025-11-28 09:15:49,269 - Knowledge - INFO - Redis operations: 0
2025-11-28 09:15:49,269 - Knowledge - INFO - 
[COMMUNICATION_STATS]
2025-11-28 09:15:49,269 - Knowledge - INFO - WebSocket messages sent: 6
2025-11-28 09:15:49,269 - Knowledge - INFO - Average message size: 135.8 bytes
2025-11-28 09:15:49,269 - Knowledge - INFO - 
[WORKER_STATS]
2025-11-28 09:15:49,270 - Knowledge - INFO - 
[FILE_TYPE_STATS]
2025-11-28 09:15:49,270 - Knowledge - INFO - 
[SLOWEST_FILES]
2025-11-28 09:15:49,270 - Knowledge - INFO - ==================================================
2025-11-28 09:15:49,270 - Knowledge - INFO - ==================================================
2025-11-28 09:15:49,270 - Knowledge - INFO - KNOWLEDGE GRAPH GENERATION PERFORMANCE SUMMARY
2025-11-28 09:15:49,270 - Knowledge - INFO - ==================================================
2025-11-28 09:15:49,270 - Knowledge - INFO - Total processing time: 98.48 seconds (1.64 minutes)
2025-11-28 09:15:49,270 - Knowledge - INFO - Files processed: 173 of 255
2025-11-28 09:15:49,270 - Knowledge - INFO - Processing rate: 1.76 files/second
2025-11-28 09:15:49,270 - Knowledge - INFO - WebSocket messages sent: 3
2025-11-28 09:15:49,270 - Knowledge - INFO - MongoDB operations: 173
2025-11-28 09:15:49,270 - Knowledge - INFO - Average MongoDB ops per file: 1.00
2025-11-28 09:15:49,270 - Knowledge - INFO - LLM costs: $0.0003
2025-11-28 09:15:49,270 - Knowledge - INFO - Prompt tokens: 3228
2025-11-28 09:15:49,270 - Knowledge - INFO - Completion tokens: 59
2025-11-28 09:15:49,270 - Knowledge - INFO - Updating org costs, total cost: 0.00034639999999999996
2025-11-28 09:20:43,752 - Knowledge - INFO - [WEBSOCKET] Sent: Type=progress_update, Size: 270, Duration: 1ms
2025-11-28 09:20:43,757 - Knowledge - INFO - 💾 SAVING TO REDIS - Prefix: knowledge:b4400wa:
2025-11-28 09:20:43,757 - Knowledge - INFO - 💾 Files to save: source_files=173, file_info=255, docs=0, code_bases=1
2025-11-28 09:20:43,758 - Knowledge - INFO - 💾 Source files list: ['/Users/veera/Documents/kavia-backend/graphnode-backend-api/data/rdk7542/786/b4400wa/entservices-deviceanddisplay-786/cmake/FindIARMBus.cmake', '/Users/veera/Documents/kavia-backend/graphnode-backend-api/data/rdk7542/786/b4400wa/entservices-deviceanddisplay-786/cmake/FindRDKStorageManager.cmake', '/Users/veera/Documents/kavia-backend/graphnode-backend-api/data/rdk7542/786/b4400wa/entservices-deviceanddisplay-786/cmake/FindCEC.cmake', '/Users/veera/Documents/kavia-backend/graphnode-backend-api/data/rdk7542/786/b4400wa/entservices-deviceanddisplay-786/cmake/FindAC.cmake', '/Users/veera/Documents/kavia-backend/graphnode-backend-api/data/rdk7542/786/b4400wa/entservices-deviceanddisplay-786/cmake/FindRFC.cmake']...
2025-11-28 09:20:43,758 - Knowledge - INFO - 💾 Code bases: ['https://github.com/kavia-common/entservices-deviceanddisplay-786.git:kavia-main']
2025-11-28 09:20:43,804 - Knowledge - INFO - ✅ Knowledge saved to Redis successfully - Prefix: knowledge:b4400wa:, Files: 173
2025-11-28 09:21:19,676 - Knowledge - INFO - 🔍 GETTING FROM REDIS - Requested IDs: ['b4400wa', 'b49665h']
2025-11-28 09:21:19,676 - Knowledge - INFO - 🔍 GETTING FROM REDIS - ID: b4400wa, Prefix: knowledge:b4400wa:
2025-11-28 09:21:19,677 - Knowledge - INFO - 🔍 FOUND source_files: 173 files
2025-11-28 09:21:19,677 - Knowledge - INFO - 🔍 FOUND source_code_bases: ['https://github.com/kavia-common/entservices-deviceanddisplay-786.git:kavia-main']
2025-11-28 09:21:19,706 - Knowledge - INFO - 🔍 GETTING FROM REDIS - ID: b49665h, Prefix: knowledge:b49665h:
2025-11-28 09:21:19,708 - Knowledge - INFO - 🔍 FOUND source_files: 473 files
2025-11-28 09:21:19,708 - Knowledge - INFO - 🔍 FOUND source_code_bases: ['https://github.com/kavia-common/entservices-infra-786.git:kavia-main']
2025-11-28 09:21:19,747 - Knowledge - INFO - ✅ RETRIEVED FROM REDIS - source_files: 646, file_info: 729, code_bases: ['https://github.com/kavia-common/entservices-deviceanddisplay-786.git:kavia-main', 'https://github.com/kavia-common/entservices-infra-786.git:kavia-main']
2025-11-28 09:21:19,748 - Knowledge - INFO - 🔍 GETTING FROM REDIS - Requested IDs: ['0JGR3U', 'b4400wa', 'b49665h']
2025-11-28 09:21:19,748 - Knowledge - INFO - 🔍 GETTING FROM REDIS - ID: 0JGR3U, Prefix: knowledge:0JGR3U:
2025-11-28 09:21:19,755 - Knowledge - INFO - 🔍 GETTING FROM REDIS - ID: b4400wa, Prefix: knowledge:b4400wa:
2025-11-28 09:21:19,755 - Knowledge - INFO - 🔍 FOUND source_files: 173 files
2025-11-28 09:21:19,756 - Knowledge - INFO - 🔍 FOUND source_code_bases: ['https://github.com/kavia-common/entservices-deviceanddisplay-786.git:kavia-main']
2025-11-28 09:21:19,768 - Knowledge - INFO - 🔍 GETTING FROM REDIS - ID: b49665h, Prefix: knowledge:b49665h:
2025-11-28 09:21:19,769 - Knowledge - INFO - 🔍 FOUND source_files: 473 files
2025-11-28 09:21:19,769 - Knowledge - INFO - 🔍 FOUND source_code_bases: ['https://github.com/kavia-common/entservices-infra-786.git:kavia-main']
2025-11-28 09:21:19,793 - Knowledge - INFO - ✅ RETRIEVED FROM REDIS - source_files: 646, file_info: 729, code_bases: ['https://github.com/kavia-common/entservices-deviceanddisplay-786.git:kavia-main', 'https://github.com/kavia-common/entservices-infra-786.git:kavia-main']
